Organization Name,Org ID,orgTypes_json,orgTypePrimary,geoPrimary,Notes,Primary,2ndry,geoTags_json,nodeTypes_json,nodeTypePrimary,governanceLevels_json,governanceLevelPrimary,functionalDomains_json,functionalDomainPrimary,roleTags_json,rolePrimary,lifelineTags_json,femaLifelinePrimary,url,review_flag,review_note
211info,211info,"[""Nonprofit Community""]",Nonprofit Community,Oregon,Provides community information and referral services that support disaster preparedness and recovery.,,,"[""Oregon""]","[""Organization""]",Organization,"[""Non Governmental""]",Non Governmental,"[""Community Resilience""]",Community Resilience,"[""Coordination"", ""Data Tools Provider""]",Coordination,"[""Communications""]",Communications,https://www.211info.org/,,
Alpine Fault Magnitude 8,AF8,"[""Coordination Structure""]",Coordination Structure,International,,,,"[""International""]","[""Hub""]",Hub,"[""Multi""]",Multi,"[""Community Resilience""]",Community Resilience,"[""Coordination"", ""Knowledge Provider"", ""Data Tools Provider""]",Coordination,"[""Other""]",Other,https://af8.org.nz/,,
Air National Guard,AirNG,"[""Government""]",Government,U.S. National,"Provides airlift, logistics, and emergency support capabilities for disaster response.

Review flag: yes

Review note: Generic umbrella entry; consider replacing with state-specific Air National Guard entities.",,,"[""U.S. National""]","[""Organization""]",Organization,"[""State""]",State,"[""Emergency Management""]",Emergency Management,"[""Infrastructure Operator""]",Infrastructure Operator,"[""Safety Security""]",Safety Security,https://www.ang.af.mil/,yes,Generic umbrella entry; consider replacing with state-specific Air National Guard entities.
Global Security Systems/ALERT FM,AlertFM,"[""Private Sector""]",Private Sector,International,Provides alerting technology and communications tools used for emergency warning and public information.,,,"[""International""]","[""Organization""]",Organization,"[""Private""]",Private,"[""Emergency Management""]",Emergency Management,"[""Messaging Alerts Provider"", ""Data Tools Provider""]",Messaging Alerts Provider,"[""Communications""]",Communications,https://alertfm.com/,,
Alert Ready Emergency Alert System,AlertReady,"[""Coordination Structure""]",Coordination Structure,Canada,"Delivers public emergency alerts across Canada through participating broadcasters and wireless providers.

Review flag: yes

Review note: Could be modeled as a national alerting system rather than a standalone program node.",,,"[""Canada""]","[""Program""]",Program,"[""Multi""]",Multi,"[""Emergency Management""]",Emergency Management,"[""Messaging Alerts Provider""]",Messaging Alerts Provider,"[""Communications""]",Communications,https://www.alertready.ca/,yes,Could be modeled as a national alerting system rather than a standalone program node.
Aon Impact Forecasting,AON,"[""Private Sector""]",Private Sector,International,,,,"[""International""]","[""Organization""]",Organization,"[""Non Governmental""]",Non Governmental,"[""Infrastructure Systems""]",Infrastructure Systems,"[""Knowledge Provider""]",Knowledge Provider,"[""Other""]",Other,https://www.aon.com/en/capabilities/reinsurance/catastrophe-model-insight,,
American Society of Civil Engineers,ASCE,"[""Nonprofit Community""]",Nonprofit Community,U.S. National,Advances engineering practice and guidance relevant to resilient infrastructure and seismic risk reduction.,,,"[""U.S. National""]","[""Organization""]",Organization,"[""Non Governmental""]",Non Governmental,"[""Infrastructure Systems""]",Infrastructure Systems,"[""Knowledge Provider""]",Knowledge Provider,"[""Other""]",Other,https://www.asce.org/,,
Affiliated Tribes of Northwest Indians,ATNI,"[""Tribal Sovereign""]",Tribal Sovereign,PNW Regional,,,,"[""PNW Regional""]","[""Tribe"", ""FirstNation""]",Tribe,"[""Non Governmental""]",Non Governmental,"[""Community Resilience""]",Community Resilience,"[""Coordination"", ""Policy Maker Regulator""]",Coordination,"[""Other""]",Other,https://atnitribes.org/,,
City of Bainbridge Island,Bainbridge,"[""Government""]",Government,Washington,"Provides local emergency preparedness, response, and recovery coordination.",,,"[""Washington""]","[""Organization""]",Organization,"[""Local""]",Local,"[""Emergency Management""]",Emergency Management,"[""Coordination""]",Coordination,"[""Other""]",Other,https://www.bainbridgewa.gov/,,
Bathymetrix,Bathymetrix,"[""Private Sector""]",Private Sector,Oregon,"Bathymetrix is a geophysical consulting firm providing services in ocean acoustics, global seismology, and scientific data analysis.",,,"[""Oregon""]","[""Organization""]",Organization,"[""Non Governmental""]",Non Governmental,"[""Infrastructure Systems""]",Infrastructure Systems,"[""Data Tools Provider"", ""Knowledge Provider""]",Data Tools Provider,"[""Other""]",Other,https://bathymetrix.com/,,
British Columbia Ministry of Emergency Management and Climate Readiness,BCEMCR,"[""Government""]",Government,British Columbia,"Leads provincial emergency management policy, coordination, and disaster readiness in British Columbia.",,,"[""British Columbia""]","[""Organization""]",Organization,"[""State""]",State,"[""Emergency Management""]",Emergency Management,"[""Coordination""]",Coordination,"[""Other""]",Other,https://www2.gov.bc.ca/gov/content/governments/organizational-structure/ministries-organizations/ministries/emergency-management-and-climate-readiness,,
BC Hydro,BCHydro,"[""Quasi Governmental""]",Quasi Governmental,British Columbia,Operates electric generation and transmission infrastructure essential to resilience and recovery.,,,"[""British Columbia""]","[""Organization""]",Organization,"[""State""]",State,"[""Infrastructure Systems""]",Infrastructure Systems,"[""Infrastructure Operator""]",Infrastructure Operator,"[""Energy""]",Energy,https://www.bchydro.com/,,
British Columbia Ministry of Transportation and Infrastructure,BCTransport,"[""Government""]",Government,British Columbia,"Plans, operates, and maintains provincial transportation infrastructure critical for disaster response and recovery.",,,"[""British Columbia""]","[""Organization""]",Organization,"[""State""]",State,"[""Infrastructure Systems""]",Infrastructure Systems,"[""Policy Maker Regulator""]",Policy Maker Regulator,"[""Transportation""]",Transportation,https://www2.gov.bc.ca/gov/content/governments/organizational-structure/ministries-organizations/ministries/transportation,,
Bear River Band of the Rohnerville Rancheria,BearRiver,"[""Tribal Sovereign""]",Tribal Sovereign,California,"Provides tribal leadership, planning, and community resilience functions relevant to earthquake and hazard preparedness.",,,"[""California""]","[""Tribe"", ""FirstNation""]",Tribe,"[""Sovereign""]",Sovereign,"[""Community Resilience""]",Community Resilience,"[""Other""]",Other,"[""Other""]",Other,https://www.bearriverrancheria.org/,,
Port of Bellingham,BellPort,"[""Quasi Governmental""]",Quasi Governmental,Washington,Operates port and transportation infrastructure.,,,"[""Washington""]","[""Organization""]",Organization,"[""Local""]",Local,"[""Infrastructure Systems""]",Infrastructure Systems,"[""Infrastructure Operator""]",Infrastructure Operator,"[""Transportation""]",Transportation,https://www.portofbellingham.com/,,
Big Lagoon Rancheria,BigLagoon,"[""Tribal Sovereign""]",Tribal Sovereign,California,"Provides tribal leadership, planning, and community resilience functions relevant to earthquake and hazard preparedness.",,,"[""California""]","[""Tribe"", ""FirstNation""]",Tribe,"[""Sovereign""]",Sovereign,"[""Community Resilience""]",Community Resilience,"[""Other""]",Other,"[""Other""]",Other,https://caltribalfamilies.org/places/big-lagoon-rancheria/,,
Bureau of Land Management,BLM,"[""Government""]",Government,U.S. National,Manages public lands and supports hazard mitigation and emergency response coordination.,,,"[""U.S. National""]","[""Organization""]",Organization,"[""Federal""]",Federal,"[""Infrastructure Systems""]",Infrastructure Systems,"[""Policy Maker Regulator""]",Policy Maker Regulator,"[""Other""]",Other,https://www.blm.gov/,,
Blue Lake Rancheria,BlueLakeRan,"[""Tribal Sovereign""]",Tribal Sovereign,California,Leads tribal and community resilience initiatives including hazard preparedness and emergency planning.,,,"[""California""]","[""Tribe"", ""FirstNation""]",Tribe,"[""Sovereign""]",Sovereign,"[""Community Resilience""]",Community Resilience,"[""Other""]",Other,"[""Other""]",Other,https://www.bluelakerancheria-nsn.gov/,,
BNSF,BNSF,"[""Private Sector""]",Private Sector,U.S. National,Operates freight rail infrastructure that is critical to regional transportation resilience.,,,"[""U.S. National""]","[""Organization""]",Organization,"[""Private""]",Private,"[""Infrastructure Systems""]",Infrastructure Systems,"[""Infrastructure Operator""]",Infrastructure Operator,"[""Transportation""]",Transportation,https://www.bnsf.com/,,
Boise State University,BoiseState,"[""Academic""]",Academic,U.S. National,"Conducts research and education relevant to hazards, resilience, and emergency management.",,,"[""U.S. National""]","[""Organization""]",Organization,"[""Non Governmental""]",Non Governmental,"[""Earthquake Science""]",Earthquake Science,"[""Knowledge Provider""]",Knowledge Provider,"[""Other""]",Other,https://www.boisestate.edu/,,
Bonneville Power Administration,BPA,"[""Quasi Governmental""]",Quasi Governmental,PNW Regional,"Operates and markets regional power transmission infrastructure critical to Cascadia resilience.

Review flag: yes

Review note: Placed in quasi_governmental to distinguish operational utility role from core government; some users may expect government.",,,"[""PNW Regional""]","[""Organization""]",Organization,"[""Federal""]",Federal,"[""Infrastructure Systems""]",Infrastructure Systems,"[""Infrastructure Operator""]",Infrastructure Operator,"[""Energy""]",Energy,https://www.bpa.gov/,yes,Placed in quasi_governmental to distinguish operational utility role from core government; some users may expect government.
Burns Paiute Tribe,BurnsPaiute,"[""Tribal Sovereign""]",Tribal Sovereign,Oregon,"Provides tribal leadership, planning, and community resilience functions relevant to earthquake and hazard preparedness.",,,"[""Oregon""]","[""Tribe"", ""FirstNation""]",Tribe,"[""Sovereign""]",Sovereign,"[""Community Resilience""]",Community Resilience,"[""Other""]",Other,"[""Other""]",Other,https://burnspaiute-nsn.gov/,,
California Coastal Commission,CACC,"[""Government""]",Government,California,Regulates coastal development and supports hazard mitigation in vulnerable coastal zones.,,,"[""California""]","[""Organization""]",Organization,"[""State""]",State,"[""Infrastructure Systems""]",Infrastructure Systems,"[""Policy Maker Regulator""]",Policy Maker Regulator,"[""Other""]",Other,https://www.coastal.ca.gov/,,
California Department of Water Resources,CADWR,"[""Government""]",Government,California,Manages water infrastructure and flood risk to support resilience and recovery.,,,"[""California""]","[""Organization""]",Organization,"[""State""]",State,"[""Infrastructure Systems""]",Infrastructure Systems,"[""Infrastructure Operator""]",Infrastructure Operator,"[""Water Systems""]",Water Systems,https://water.ca.gov/,,
California State Emergency Alert System,CalAlerts,"[""Coordination Structure""]",Coordination Structure,California,Coordinates statewide public alerting systems for emergency communication.,,,"[""California""]","[""Program""]",Program,"[""Multi""]",Multi,"[""Emergency Management""]",Emergency Management,"[""Messaging Alerts Provider""]",Messaging Alerts Provider,"[""Communications""]",Communications,https://calalerts.org/,,
The California Department of Forestry and Fire Protection,CALFIRE,"[""Government""]",Government,California,"Provides public policy, regulatory, or oversight functions relevant to hazard and resilience work.",,,"[""California""]","[""Organization""]",Organization,"[""State""]",State,"[""Emergency Management""]",Emergency Management,"[""Policy Maker Regulator""]",Policy Maker Regulator,"[""Other""]",Other,https://www.fire.ca.gov/,,
Cal Guard,CalGuard,"[""Government""]",Government,California,"Provides military support for emergency response, including disaster relief and recovery operations.",,,"[""California""]","[""Organization""]",Organization,"[""State""]",State,"[""Emergency Management""]",Emergency Management,"[""Infrastructure Operator""]",Infrastructure Operator,"[""Safety Security""]",Safety Security,https://calguard.ca.gov/,,
California Governor's Office of Emergency Services,CalOES,"[""Government""]",Government,California,"Coordinates statewide emergency preparedness, response, and recovery including earthquake readiness.",,,"[""California""]","[""Organization""]",Organization,"[""State""]",State,"[""Emergency Management""]",Emergency Management,"[""Coordination""]",Coordination,"[""Other""]",Other,https://www.caloes.ca.gov/,,
California Department of Transportation,Caltrans,"[""Government""]",Government,California,"Plans, operates, and maintains state transportation infrastructure important to disaster response and recovery.",,,"[""California""]","[""Organization""]",Organization,"[""State""]",State,"[""Infrastructure Systems""]",Infrastructure Systems,"[""Infrastructure Operator"", ""Policy Maker Regulator""]",Infrastructure Operator,"[""Transportation""]",Transportation,https://dot.ca.gov/,,
California State Parks,CAParks,"[""Government""]",Government,California,"Manages public lands and supports emergency access, evacuation, and recovery operations.",,,"[""California""]","[""Organization""]",Organization,"[""State""]",State,"[""Infrastructure Systems""]",Infrastructure Systems,"[""Infrastructure Operator""]",Infrastructure Operator,"[""Other""]",Other,https://www.parks.ca.gov/,,
Cascadia Coastal Coalition,CascadiaCC,"[""Coordination Structure""]",Coordination Structure,PNW Regional,Coordinates regional collaboration on coastal hazards and resilience strategies.,,,"[""PNW Regional""]","[""Hub""]",Hub,"[""Multi""]",Multi,"[""Infrastructure Systems""]",Infrastructure Systems,"[""Coordination""]",Coordination,"[""Other""]",Other,https://cascadiacoastalcoalition.org/,,
Canadian Broadcasting Corporation and Others,CBC,"[""Media""]",Media,Canada,"Public media organizations providing emergency information and public communication.

Review flag: yes

Review note: Composite entry ('and Others'); consider splitting into specific outlets later.",,,"[""Canada""]","[""Organization""]",Organization,"[""Non Governmental""]",Non Governmental,"[""Emergency Management""]",Emergency Management,"[""Messaging Alerts Provider""]",Messaging Alerts Provider,"[""Communications""]",Communications,https://www.cbc.ca/news,yes,Composite entry ('and Others'); consider splitting into specific outlets later.
Centro de Servicios Para Campesinos,CdSPC,"[""Nonprofit Community""]",Nonprofit Community,Oregon,,,,"[""Oregon""]","[""Organization""]",Organization,"[""Non Governmental""]",Non Governmental,"[""Community Resilience""]",Community Resilience,"[""Coordination""]",Coordination,"[""Other""]",Other,,,
"Cedar Lake Research Group, LLC",CedarLake,"[""Private Sector""]",Private Sector,Oregon,,,,"[""Oregon""]","[""Organization""]",Organization,"[""Non Governmental""]",Non Governmental,"[""Community Resilience""]",Community Resilience,"[""Knowledge Provider""]",Knowledge Provider,"[""Other""]",Other,https://www.cedarlakeresearch.com/,,
Community Emergency Response Teams,CERT,"[""Coordination Structure""]",Coordination Structure,U.S. National,"Coordinates community-level preparedness and response training programs implemented by local jurisdictions.

Review flag: yes

Review note: Program model replicated across jurisdictions rather than a single organization or hub.",,,"[""U.S. National""]","[""Program""]",Program,"[""Multi""]",Multi,"[""Emergency Management""]",Emergency Management,"[""Coordination""]",Coordination,"[""Other""]",Other,https://www.fema.gov/emergency-managers/individuals-communities/preparedness-activities-webinars/community-emergency-response-team,yes,Program model replicated across jurisdictions rather than a single organization or hub.
California Geological Survey,CGS,"[""Government""]",Government,California,"Provides geologic hazard data, mapping, and research to support earthquake risk reduction.",,,"[""California""]","[""Organization""]",Organization,"[""State""]",State,"[""Earthquake Science""]",Earthquake Science,"[""Data Tools Provider""]",Data Tools Provider,"[""Other""]",Other,https://www.conservation.ca.gov/cgs,,
Confederated Tribes of the Chehalis Reservation,Chehalis,"[""Tribal Sovereign""]",Tribal Sovereign,Washington,"Provides tribal leadership, planning, and community resilience functions relevant to earthquake and hazard preparedness.",,,"[""Washington""]","[""Tribe"", ""FirstNation""]",Tribe,"[""Sovereign""]",Sovereign,"[""Community Resilience""]",Community Resilience,"[""Other""]",Other,"[""Other""]",Other,https://www.chehalistribe.org/,,
Washington Coastal Hazards Resilience Network,CHRN,"[""Coordination Structure""]",Coordination Structure,Washington,Connects partners and advances coastal hazards research and resilience.,,,"[""Washington""]","[""Hub""]",Hub,"[""Multi""]",Multi,"[""Earthquake Science""]",Earthquake Science,"[""Coordination"", ""Data Tools Provider""]",Coordination,"[""Other""]",Other,https://wacoastalnetwork.com/,,
"Cooperative Institute for Climate, Ocean and Ecosystem Studies",CICOES,"[""Academic""]",Academic,U.S. National,"Contributes research and technical expertise relevant to coastal hazards, ocean systems, and resilience.",,,"[""U.S. National""]","[""Organization""]",Organization,"[""Non Governmental""]",Non Governmental,"[""Earthquake Science""]",Earthquake Science,"[""Knowledge Provider""]",Knowledge Provider,"[""Other""]",Other,https://cicoes.uw.edu/,,
Clackamas County Disaster Management,ClackamasEM,"[""Government""]",Government,Oregon,"Supports local emergency management and disaster preparedness functions.

Review flag: yes

Review note: Likely government agency rather than nonprofit; confirm classification.",,,"[""Oregon""]","[""Organization""]",Organization,"[""Local""]",Local,"[""Emergency Management""]",Emergency Management,"[""Coordination""]",Coordination,"[""Other""]",Other,https://www.clackamas.us/dm,yes,Likely government agency rather than nonprofit; confirm classification.
Center for Land Surface Hazards,CLaSH,"[""Coordination Structure""]",Coordination Structure,U.S. National,Coordinates research on how Earth-surface processes generate cascading hazards across landscapes.,,,"[""U.S. National""]","[""Hub""]",Hub,"[""Multi""]",Multi,"[""Earthquake Science""]",Earthquake Science,"[""Knowledge Provider"", ""Data Tools Provider""]",Knowledge Provider,"[""Other""]",Other,https://www.geoclash.org/,,
Cascadia Lifelines Program,CLiP,"[""Coordination Structure""]",Coordination Structure,Oregon,Connects stakeholders to improve resilience of critical infrastructure systems.,,,"[""Oregon""]","[""Program""]",Program,"[""Multi""]",Multi,"[""Infrastructure Systems""]",Infrastructure Systems,"[""Coordination"", ""Knowledge Provider"", ""Data Tools Provider""]",Coordination,"[""Other""]",Other,https://cascadia.engineering.oregonstate.edu/,,
Central Lincoln People's Utility District,CLPUD,"[""Quasi Governmental""]",Quasi Governmental,Oregon,Provides electricity services critical to community resilience and recovery.,,,"[""Oregon""]","[""Organization""]",Organization,"[""Local""]",Local,"[""Infrastructure Systems""]",Infrastructure Systems,"[""Infrastructure Operator""]",Infrastructure Operator,"[""Energy"", ""Water Systems""]",Energy,https://www.clpud.org/,,
Cape Meares Community Association (CMCA),CMCA,"[""Nonprofit Community""]",Nonprofit Community,Oregon,,,,"[""Oregon""]","[""Organization""]",Organization,"[""Non Governmental""]",Non Governmental,"[""Community Resilience""]",Community Resilience,"[""Coordination""]",Coordination,"[""Other""]",Other,,,
Coastal Hazards Organizational Resilience Team,COHORT,"[""Coordination Structure""]",Coordination Structure,Washington,Connects partners and advances research and data sharing related to coastal hazards and resilience.,,,"[""Washington""]","[""Hub""]",Hub,"[""Multi""]",Multi,"[""Earthquake Science""]",Earthquake Science,"[""Coordination"", ""Data Tools Provider""]",Coordination,"[""Other""]",Other,https://wacoastalnetwork.com/cohort/,,
Confederated Tribes of the Colville Reservation,Colville,"[""Tribal Sovereign""]",Tribal Sovereign,Washington,,,,"[""Washington""]","[""Tribe"", ""FirstNation""]",Tribe,"[""Sovereign""]",Sovereign,"[""Community Resilience""]",Community Resilience,"[""Other""]",Other,"[""Other""]",Other,https://www.colvilletribes.com/,,
Consejo Hispano,ConsejoHisp,"[""Nonprofit Community""]",Nonprofit Community,U.S. National,"Supports community resilience through coordination, advocacy, technical guidance, or direct services.",,,"[""U.S. National""]","[""Organization""]",Organization,"[""Non Governmental""]",Non Governmental,"[""Community Resilience""]",Community Resilience,"[""Other""]",Other,"[""Other""]",Other,https://consejohispano.org/,,
"Coos County Sheriff's Office, Office of Emergency Management",CoosEM,"[""Government""]",Government,Oregon,"Coordinates county-level emergency preparedness, response, and recovery functions.",,,"[""Oregon""]","[""Organization""]",Organization,"[""Local""]",Local,"[""Emergency Management""]",Emergency Management,"[""Coordination""]",Coordination,"[""Safety Security""]",Safety Security,https://www.co.coos.or.us/sheriff/page/emergency-management,,
Cascadia Coastlines and Peoples Research Hub,CoPesHub,"[""Coordination Structure""]",Coordination Structure,PNW Regional,Facilitates interdisciplinary research on coastal hazards and community resilience.,,,"[""PNW Regional""]","[""Hub""]",Hub,"[""Multi""]",Multi,"[""Earthquake Science""]",Earthquake Science,"[""Coordination""]",Coordination,"[""Other""]",Other,https://cascadiacopeshub.org/,,
Coquille Indian Tribe,Coquille,"[""Tribal Sovereign""]",Tribal Sovereign,Oregon,"Provides tribal leadership, planning, and community resilience functions relevant to earthquake and hazard preparedness.",,,"[""Oregon""]","[""Tribe"", ""FirstNation""]",Tribe,"[""Sovereign""]",Sovereign,"[""Community Resilience""]",Community Resilience,"[""Other""]",Other,"[""Other""]",Other,https://www.coquilletribe.org/,,
Colorado State University,COStateU,"[""Academic""]",Academic,U.S. National,"Contributes research, teaching, or technical expertise relevant to earthquake hazards and resilience.",,,"[""U.S. National""]","[""Organization""]",Organization,"[""Non Governmental""]",Non Governmental,"[""Earthquake Science""]",Earthquake Science,"[""Knowledge Provider""]",Knowledge Provider,"[""Other""]",Other,https://www.colostate.edu/,,
Cow Creek Band of Umpqua Tribe of Indians,CowCreek,"[""Tribal Sovereign""]",Tribal Sovereign,Oregon,"Provides tribal leadership, planning, and community resilience functions relevant to earthquake and hazard preparedness.",,,"[""Oregon""]","[""Tribe"", ""FirstNation""]",Tribe,"[""Sovereign""]",Sovereign,"[""Community Resilience""]",Community Resilience,"[""Other""]",Other,"[""Other""]",Other,https://www.cowcreek-nsn.gov/,,
Cowlitz Indian Tribe,Cowlitz,"[""Tribal Sovereign""]",Tribal Sovereign,Washington,"Provides tribal leadership, planning, and community resilience functions relevant to earthquake and hazard preparedness.",,,"[""Washington""]","[""Tribe"", ""FirstNation""]",Tribe,"[""Sovereign""]",Sovereign,"[""Community Resilience""]",Community Resilience,"[""Other""]",Other,"[""Other""]",Other,https://www.cowlitz.org/,,
Columbia Pacific Bio-refinery (Global Clatskanie),CPBR,"[""Private Sector""]",Private Sector,PNW Regional,"Operates industrial infrastructure that may be relevant to regional resilience and hazard impacts.

Review flag: yes

Review note: Private industrial facility; classification refined from nonprofit.",,,"[""PNW Regional""]","[""Organization""]",Organization,"[""Private""]",Private,"[""Infrastructure Systems""]",Infrastructure Systems,"[""Other""]",Other,"[""Other""]",Other,https://www.globalp.com/where-we-are/all-terminals/global-clatskanie,yes,Private industrial facility; classification refined from nonprofit.
Cal Poly Humboldt,CPHumboldt,"[""Academic""]",Academic,California,Conducts earthquake and hazard research and supports regional resilience planning.,,,"[""California""]","[""Organization""]",Organization,"[""Non Governmental""]",Non Governmental,"[""Earthquake Science""]",Earthquake Science,"[""Knowledge Provider""]",Knowledge Provider,"[""Other""]",Other,https://www.humboldt.edu/,,
California Public Utilities Commission,CPUC,"[""Government""]",Government,California,Regulates utilities and ensures continuity of critical services during disasters.,,,"[""California""]","[""Organization""]",Organization,"[""State""]",State,"[""Infrastructure Systems""]",Infrastructure Systems,"[""Policy Maker Regulator""]",Policy Maker Regulator,"[""Energy"", ""Communications""]",Energy,https://www.cpuc.ca.gov/,,
Clark Regional Emergency Services Agency,CRESA,"[""Government""]",Government,Washington,"Provides regional emergency communications and coordination support in Clark County and surrounding jurisdictions.

Review flag: yes

Review note: Intergovernmental regional agency; geographic placement and governance treatment may be revisited.",,,"[""Washington""]","[""Organization""]",Organization,"[""Local""]",Local,"[""Emergency Management""]",Emergency Management,"[""Coordination""]",Coordination,"[""Other""]",Other,https://www.cresa911.org/,yes,Intergovernmental regional agency; geographic placement and governance treatment may be revisited.
Cascadia Region Earthquake Science Center,CRESCENT,"[""Coordination Structure""]",Coordination Structure,PNW Regional,"Supports coordinated earthquake science research and data integration across the Cascadia region.

Review flag: yes

Review note: Recognized acronym CRESCENT used; classification as research coordination hub.",,,"[""PNW Regional""]","[""Hub""]",Hub,"[""Multi""]",Multi,"[""Earthquake Science""]",Earthquake Science,"[""Knowledge Provider"", ""Data Tools Provider""]",Knowledge Provider,"[""Other""]",Other,https://cascadiaquakes.org/,yes,Recognized acronym CRESCENT used; classification as research coordination hub.
Cascadia Region Earthquake Workgroup,CREW,"[""Coordination Structure""]",Coordination Structure,PNW Regional,Connects partners and advances research relevant to hazards and resilience.,,,"[""PNW Regional""]","[""Hub""]",Hub,"[""Multi""]",Multi,"[""Earthquake Science""]",Earthquake Science,"[""Coordination""]",Coordination,"[""Other""]",Other,https://crew.org/,,
Colorado School of Mines,CSM,"[""Academic""]",Academic,U.S. National,"Contributes research, teaching, or technical expertise relevant to earthquake hazards and resilience.",,,"[""U.S. National""]","[""Organization""]",Organization,"[""Non Governmental""]",Non Governmental,"[""Earthquake Science""]",Earthquake Science,"[""Knowledge Provider""]",Knowledge Provider,"[""Other""]",Other,https://www.mines.edu/,,
California Seismic Safety Commission,CSSC,"[""Government""]",Government,California,Advises on earthquake risk reduction policy and promotes seismic safety statewide.,,,"[""California""]","[""Organization""]",Organization,"[""State""]",State,"[""Emergency Management""]",Emergency Management,"[""Policy Maker Regulator""]",Policy Maker Regulator,"[""Other""]",Other,https://ssc.ca.gov/,,
"Confederated Tribes of the Coos, Lower Umpqua, and Siuslaw",CTCLUSI,"[""Tribal Sovereign""]",Tribal Sovereign,Oregon,"Provides tribal leadership, planning, and community resilience functions relevant to earthquake and hazard preparedness.",,,"[""Oregon""]","[""Tribe"", ""FirstNation""]",Tribe,"[""Sovereign""]",Sovereign,"[""Community Resilience""]",Community Resilience,"[""Other""]",Other,"[""Other""]",Other,https://ctclusi.org/,,
"CUNA, Community United of North Arcata/Comunidad Unida del Norte de Arcata",CUNA,"[""Nonprofit Community""]",Nonprofit Community,California,,,,"[""California""]","[""Organization""]",Organization,"[""Non Governmental""]",Non Governmental,"[""Community Resilience""]",Community Resilience,"[""Other""]",Other,"[""Other""]",Other,https://www.cunacomestogether.com/,,
Oregon Department of Geology and Mineral Industries,DOGAMI,"[""Government""]",Government,Oregon,"Provides geologic hazard data, mapping, and policy support.",,,"[""Oregon""]","[""Organization""]",Organization,"[""State""]",State,"[""Earthquake Science""]",Earthquake Science,"[""Data Tools Provider"", ""Policy Maker Regulator""]",Data Tools Provider,"[""Other""]",Other,https://www.oregon.gov/dogami/,,
EarthScope,EarthScope,"[""Coordination Structure""]",Coordination Structure,U.S. National,"Provides national-scale geophysical instrumentation, data systems, and coordination supporting earthquake and Earth system science.

Review flag: yes

Review note: Functions as a national research infrastructure program/consortium rather than a standalone nonprofit organization.",,,"[""U.S. National""]","[""Program""]",Program,"[""Multi""]",Multi,"[""Earthquake Science""]",Earthquake Science,"[""Knowledge Provider"", ""Data Tools Provider""]",Knowledge Provider,"[""Other""]",Other,https://www.earthscope.org/,yes,Functions as a national research infrastructure program/consortium rather than a standalone nonprofit organization.
Earthquake Country Alliance,ECA,"[""Coordination Structure""]",Coordination Structure,U.S. National,Connects partners and advances public-facing earthquake preparedness and resilience efforts.,,,"[""U.S. National""]","[""Hub""]",Hub,"[""Multi""]",Multi,"[""Emergency Management""]",Emergency Management,"[""Coordination""]",Coordination,"[""Other""]",Other,https://www.earthquakecountry.org/,,
Edison Electric Institute,EEI,"[""Private Sector""]",Private Sector,U.S. National,"Supports electric utility coordination, policy, and knowledge sharing relevant to resilience.",,,"[""U.S. National""]","[""Organization""]",Organization,"[""Private""]",Private,"[""Infrastructure Systems""]",Infrastructure Systems,"[""Coordination"", ""Knowledge Provider""]",Coordination,"[""Energy""]",Energy,https://www.eei.org/,,
Earthquake Engineering Research Institute,EERI,"[""Nonprofit Community""]",Nonprofit Community,U.S. National,"Connects researchers and practitioners to advance earthquake engineering, policy, and resilience practice.",,,"[""U.S. National""]","[""Organization""]",Organization,"[""Non Governmental""]",Non Governmental,"[""Earthquake Science""]",Earthquake Science,"[""Knowledge Provider"", ""Coordination""]",Knowledge Provider,"[""Other""]",Other,https://www.eeri.org/,,
Elk Valley Rancheria,ElkValley,"[""Tribal Sovereign""]",Tribal Sovereign,California,"Provides tribal leadership, planning, and community resilience functions relevant to earthquake and hazard preparedness.",,,"[""California""]","[""Tribe"", ""FirstNation""]",Tribe,"[""Sovereign""]",Sovereign,"[""Community Resilience""]",Community Resilience,"[""Other""]",Other,"[""Other""]",Other,https://elk-valley.com/,,
Emergency Management Cowichan,EMCowichan,"[""Government""]",Government,British Columbia,Coordinates local emergency preparedness and response for the Cowichan region in British Columbia.,,,"[""British Columbia""]","[""Organization""]",Organization,"[""Local""]",Local,"[""Emergency Management""]",Emergency Management,"[""Coordination""]",Coordination,"[""Other""]",Other,https://emcowichan.ca/,,
Environmental Protection Agency,EPA,"[""Government""]",Government,U.S. National,Regulates environmental systems and supports disaster-related environmental response and recovery.,,,"[""U.S. National""]","[""Organization""]",Organization,"[""Federal""]",Federal,"[""Infrastructure Systems""]",Infrastructure Systems,"[""Policy Maker Regulator""]",Policy Maker Regulator,"[""Other""]",Other,https://www.epa.gov/,,
Emergency Planning Secretariat,EPS,"[""Coordination Structure""]",Coordination Structure,British Columbia,Supports Coastal Salish communities in improving emergency planning and preparedness at the local and regional levels.,,,"[""British Columbia""]","[""Hub""]",Hub,"[""Multi""]",Multi,"[""Emergency Management""]",Emergency Management,"[""Coordination""]",Coordination,"[""Other""]",Other,https://www.emergencyplanningsecretariat.com/,,
Earthquake Safety Committee,ESC,"[""Nonprofit Community""]",Nonprofit Community,U.S. National,"Supports community resilience through coordination, advocacy, technical guidance, or direct services.

Review flag: yes

Review note: Name is too generic; likely requires normalization to a specific committee.",,,"[""U.S. National""]","[""Organization""]",Organization,"[""Non Governmental""]",Non Governmental,"[""Earthquake Science""]",Earthquake Science,"[""Other""]",Other,"[""Other""]",Other,,yes,Name is too generic; likely requires normalization to a specific committee.
Eugene-Springfield Community Emergency Response Team,ESCERT,"[""Coordination Structure""]",Coordination Structure,Oregon,"Coordinates local community emergency preparedness and response training.

Review flag: yes

Review note: CERT is treated as a program rather than a hub or organization.",,,"[""Oregon""]","[""Program""]",Program,"[""Multi""]",Multi,"[""Emergency Management""]",Emergency Management,"[""Coordination""]",Coordination,"[""Other""]",Other,https://eugene-cert.com/,yes,CERT is treated as a program rather than a hub or organization.
City of Eugene,Eugene,"[""Government""]",Government,Oregon,Coordinates city-level emergency planning and disaster response.,,,"[""Oregon""]","[""Organization""]",Organization,"[""Local""]",Local,"[""Emergency Management""]",Emergency Management,"[""Coordination""]",Coordination,"[""Other""]",Other,https://www.eugene-or.gov/,,
Emergency Volunteer Aviation Corps - Northwest Region,EVACNR,"[""Nonprofit Community""]",Nonprofit Community,PNW Regional,"Supports volunteer aviation coordination for emergency response in the Northwest region.

Review flag: yes

Review note: Role refined from generic service provider; confirm official organization name and scope.",,,"[""PNW Regional""]","[""Organization""]",Organization,"[""Non Governmental""]",Non Governmental,"[""Emergency Management""]",Emergency Management,"[""Coordination""]",Coordination,"[""Transportation""]",Transportation,https://dobihalj.wixsite.com/northwestevac,yes,Role refined from generic service provider; confirm official organization name and scope.
Eugene Water & Electric Board,EWEB,"[""Quasi Governmental""]",Quasi Governmental,Oregon,Operates local electric and water systems essential to community resilience and recovery.,,,"[""Oregon""]","[""Organization""]",Organization,"[""Local""]",Local,"[""Infrastructure Systems""]",Infrastructure Systems,"[""Infrastructure Operator""]",Infrastructure Operator,"[""Energy"", ""Water Systems""]",Energy,https://www.eweb.org/,,
Early Warning Labs,EWLabs,"[""Private Sector""]",Private Sector,U.S. National,Provides earthquake early warning technology and related alerting tools.,,,"[""U.S. National""]","[""Organization""]",Organization,"[""Private""]",Private,"[""Earthquake Science""]",Earthquake Science,"[""Data Tools Provider"", ""Messaging Alerts Provider""]",Data Tools Provider,"[""Communications""]",Communications,https://earlywarninglabs.com/,,
Facet,Facet,"[""Private Sector""]",Private Sector,PNW Regional,"Provides engineering, environmental, and infrastructure-related consulting services supporting hazard resilience in the Pacific Northwest.

Review flag: yes

Review note: Reclassified from nonprofit placeholder to private-sector consulting firm.",,,"[""PNW Regional""]","[""Organization""]",Organization,"[""Private""]",Private,"[""Infrastructure Systems""]",Infrastructure Systems,"[""Other""]",Other,"[""Other""]",Other,https://www.facetnw.com/,yes,Reclassified from nonprofit placeholder to private-sector consulting firm.
Federal Media,FedMedia,"[""Media""]",Media,U.S. National,"Provides public information and communications that can support hazard awareness and emergency messaging.

Review flag: yes

Review note: Category entry rather than a specific organization.",,,"[""U.S. National""]","[""Organization""]",Organization,"[""Non Governmental""]",Non Governmental,"[""Infrastructure Systems""]",Infrastructure Systems,"[""Messaging Alerts Provider""]",Messaging Alerts Provider,"[""Communications""]",Communications,,yes,Category entry rather than a specific organization.
Federal Emergency Management Agency,FEMA,"[""Government""]",Government,U.S. National,"Leads national coordination, funding, and policy for disaster preparedness, response, and recovery.

Review flag: yes

Review note: Normalized from source entry 'Federal Emergency Management Administration HQ'.",,,"[""U.S. National""]","[""Organization""]",Organization,"[""Federal""]",Federal,"[""Emergency Management""]",Emergency Management,"[""Coordination"", ""Funding Provider""]",Coordination,"[""Other""]",Other,https://www.fema.gov/,yes,Normalized from source entry 'Federal Emergency Management Administration HQ'.
Finance Canada,FinCan,"[""Government""]",Government,Canada,"Provides federal fiscal policy and funding functions that can influence resilience and recovery.

Review flag: yes

Review note: Reclassified to Canadian federal government department.",,,"[""Canada""]","[""Organization""]",Organization,"[""Federal""]",Federal,"[""Community Resilience""]",Community Resilience,"[""Funding Provider""]",Funding Provider,"[""Other""]",Other,https://www.canada.ca/en/department-finance.html,yes,Reclassified to Canadian federal government department.
Fraser Basin Council,FraserBC,"[""Nonprofit Community""]",Nonprofit Community,British Columbia,Supports collaborative planning and resilience-related initiatives across British Columbia.,,,"[""British Columbia""]","[""Organization""]",Organization,"[""Non Governmental""]",Non Governmental,"[""Community Resilience""]",Community Resilience,"[""Coordination""]",Coordination,"[""Other""]",Other,https://www.fraserbasin.bc.ca/,,
Global Earthquake Model Foundation,GEM,"[""Nonprofit Community""]",Nonprofit Community,International,"Develops global earthquake risk models, data, and tools to support hazard and resilience analysis.",,,"[""International""]","[""Organization""]",Organization,"[""Non Governmental""]",Non Governmental,"[""Earthquake Science""]",Earthquake Science,"[""Knowledge Provider"", ""Data Tools Provider""]",Knowledge Provider,"[""Other""]",Other,https://www.globalquakemodel.org/,,
"British Columbia Ministry of Water, Land and Resource Stewardship - GeoBC",GeoBC,"[""Government""]",Government,British Columbia,Provides geospatial data and hazard information to support risk assessment and planning.,,,"[""British Columbia""]","[""Organization""]",Organization,"[""State""]",State,"[""Earthquake Science""]",Earthquake Science,"[""Data Tools Provider""]",Data Tools Provider,"[""Other""]",Other,https://www2.gov.bc.ca/gov/content/data/geographic-data-services,,
GeoHazards International,GHI,"[""Nonprofit Community""]",Nonprofit Community,International,"Advances earthquake and hazard risk reduction through research, technical support, and practice.",,,"[""International""]","[""Organization""]",Organization,"[""Non Governmental""]",Non Governmental,"[""Earthquake Science""]",Earthquake Science,"[""Knowledge Provider""]",Knowledge Provider,"[""Other""]",Other,https://www.geohaz.org/,,
Global Land Analysis and Discovery,GLAD,"[""Academic""]",Academic,International,"Provides geospatial land analysis and remote sensing data products that can support hazard assessment.

Review flag: yes

Review note: Hazard relevance is indirect; retain only if broader geospatial data providers are in scope.",,,"[""International""]","[""Organization""]",Organization,"[""Non Governmental""]",Non Governmental,"[""Earthquake Science""]",Earthquake Science,"[""Data Tools Provider""]",Data Tools Provider,"[""Other""]",Other,https://glad.umd.edu/,yes,Hazard relevance is indirect; retain only if broader geospatial data providers are in scope.
Confederated Tribes of Grand Ronde,GrandRonde,"[""Tribal Sovereign""]",Tribal Sovereign,Oregon,"Provides tribal leadership, planning, and community resilience functions relevant to earthquake and hazard preparedness.",,,"[""Oregon""]","[""Tribe"", ""FirstNation""]",Tribe,"[""Sovereign""]",Sovereign,"[""Community Resilience""]",Community Resilience,"[""Other""]",Other,"[""Other""]",Other,https://www.grandronde.org/,,
Natural Resources Canada - Geological Survey of Canada,GSC,"[""Government""]",Government,Canada,Participates in the earthquake hazard and resilience ecosystem through specialized expertise or services.,,,"[""Canada""]","[""Organization""]",Organization,"[""Federal""]",Federal,"[""Earthquake Science""]",Earthquake Science,"[""Data Tools Provider"", ""Knowledge Provider""]",Data Tools Provider,"[""Other""]",Other,https://natural-resources.canada.ca/minerals-mining/geological-survey-canada,,
Geological Society of the Oregon Country,GSOC,"[""Nonprofit Community""]",Nonprofit Community,Oregon,"Supports geoscience education and engagement relevant to hazards and resilience.

Review flag: yes

Review note: Role refined; confirm whether a more specific hazard-facing URL should be used.",,,"[""Oregon""]","[""Organization""]",Organization,"[""Non Governmental""]",Non Governmental,"[""Earthquake Science""]",Earthquake Science,"[""Knowledge Provider""]",Knowledge Provider,"[""Other""]",Other,https://www.gsoc.org/,yes,Role refined; confirm whether a more specific hazard-facing URL should be used.
Hakai Institute,Hakai,"[""Nonprofit Community""]",Nonprofit Community,British Columbia,Produces coastal and environmental research relevant to hazards and resilience in British Columbia.,,,"[""British Columbia""]","[""Organization""]",Organization,"[""Non Governmental""]",Non Governmental,"[""Earthquake Science""]",Earthquake Science,"[""Knowledge Provider""]",Knowledge Provider,"[""Other""]",Other,https://hakai.org/,,
"Haley & Aldrich, Inc.",HaleyAldr,"[""Private Sector""]",Private Sector,U.S. National,"Provides private-sector infrastructure, technical services, or products relevant to hazard resilience and recovery.",,,"[""U.S. National""]","[""Organization""]",Organization,"[""Private""]",Private,"[""Community Resilience""]",Community Resilience,"[""Other""]",Other,"[""Other""]",Other,https://www.haleyaldrich.com/,,
Harvard University,Harvard,"[""Academic""]",Academic,U.S. National,"Contributes research, teaching, or technical expertise relevant to earthquake hazards and resilience.",,,"[""U.S. National""]","[""Organization""]",Organization,"[""Non Governmental""]",Non Governmental,"[""Earthquake Science""]",Earthquake Science,"[""Knowledge Provider""]",Knowledge Provider,"[""Other""]",Other,https://www.harvard.edu/,,
Hoh Indian Tribe,Hoh,"[""Tribal Sovereign""]",Tribal Sovereign,Washington,"Provides tribal leadership, planning, and community resilience functions relevant to earthquake and hazard preparedness.",,,"[""Washington""]","[""Tribe"", ""FirstNation""]",Tribe,"[""Sovereign""]",Sovereign,"[""Community Resilience""]",Community Resilience,"[""Other""]",Other,"[""Other""]",Other,https://hohtribe-nsn.org/,,
Home Forward,HomeForward,"[""Quasi Governmental""]",Quasi Governmental,Oregon,Provides public housing services that support community stability and post-disaster recovery.,,,"[""Oregon""]","[""Organization""]",Organization,"[""Local""]",Local,"[""Infrastructure Systems""]",Infrastructure Systems,"[""Infrastructure Operator""]",Infrastructure Operator,"[""Food Hydration Shelter""]",Food Hydration Shelter,https://www.homeforward.org/,,
Hoopa Valley Tribe,Hoopa,"[""Tribal Sovereign""]",Tribal Sovereign,California,"Provides tribal leadership, planning, and community resilience functions relevant to earthquake and hazard preparedness.",,,"[""California""]","[""Tribe"", ""FirstNation""]",Tribe,"[""Sovereign""]",Sovereign,"[""Community Resilience""]",Community Resilience,"[""Other""]",Other,"[""Other""]",Other,https://www.hoopa-nsn.gov/,,
International Association of Earthquake Engineering,IAEE,"[""Nonprofit Community""]",Nonprofit Community,International,"Supports community resilience through coordination, advocacy, technical guidance, or direct services.",,,"[""International""]","[""Organization""]",Organization,"[""Non Governmental""]",Non Governmental,"[""Earthquake Science""]",Earthquake Science,"[""Coordination"", ""Knowledge Provider""]",Coordination,"[""Other""]",Other,https://www.iaee.or.jp/,,
Institute for Catastrophic Loss Reduction,ICLR,"[""Nonprofit Community""]",Nonprofit Community,Canada,,,,"[""Canada""]","[""Organization""]",Organization,"[""Non Governmental""]",Non Governmental,"[""Community Resilience""]",Community Resilience,"[""Coordination"", ""Knowledge Provider"", ""Data Tools Provider""]",Coordination,"[""Other""]",Other,https://www.iclr.org/,,
Idaho State University-Institute of Emergency Management (IEM),IDStateU,"[""Academic""]",Academic,U.S. National,"Contributes research, teaching, or technical expertise relevant to earthquake hazards and resilience.

Review flag: yes

Review note: Normalized truncated source name; exact official naming may need confirmation.",,,"[""U.S. National""]","[""Organization""]",Organization,"[""Non Governmental""]",Non Governmental,"[""Emergency Management""]",Emergency Management,"[""Knowledge Provider"", ""Policy Maker Regulator""]",Knowledge Provider,"[""Other""]",Other,https://www.isu.edu/idiem/,yes,Normalized truncated source name; exact official naming may need confirmation.
"ImageCat, Inc.",ImageCat,"[""Private Sector""]",Private Sector,U.S. National,"Provides private-sector infrastructure, technical services, or products relevant to hazard resilience and recovery.",,,"[""U.S. National""]","[""Organization""]",Organization,"[""Private""]",Private,"[""Community Resilience""]",Community Resilience,"[""Other""]",Other,"[""Other""]",Other,https://imagecatinc.com/,,
Indiana University,IndianaU,"[""Academic""]",Academic,U.S. National,"Contributes research, teaching, or technical expertise relevant to earthquake hazards and resilience.",,,"[""U.S. National""]","[""Organization""]",Organization,"[""Non Governmental""]",Non Governmental,"[""Earthquake Science""]",Earthquake Science,"[""Knowledge Provider""]",Knowledge Provider,"[""Other""]",Other,https://www.iu.edu/,,
Integrated Partnership for Regional Emergency Management,IPREM,"[""Coordination Structure""]",Coordination Structure,PNW Regional,"Coordinates collaboration across organizations working on earthquake and resilience issues.

Review flag: yes

Review note: Program/network treatment should be confirmed.",,,"[""PNW Regional""]","[""Hub""]",Hub,"[""Multi""]",Multi,"[""Emergency Management""]",Emergency Management,"[""Coordination""]",Coordination,"[""Other""]",Other,https://iprem.ca/,yes,Program/network treatment should be confirmed.
Jamestown S’Klallam Tribe,Jamestown,"[""Tribal Sovereign""]",Tribal Sovereign,Washington,"Provides tribal leadership, planning, and community resilience functions relevant to earthquake and hazard preparedness.",,,"[""Washington""]","[""Tribe"", ""FirstNation""]",Tribe,"[""Sovereign""]",Sovereign,"[""Community Resilience""]",Community Resilience,"[""Other""]",Other,"[""Other""]",Other,https://jamestowntribe.org/,,
Kalispel Tribe of Indians,Kalispel,"[""Tribal Sovereign""]",Tribal Sovereign,Washington,,,,"[""Washington""]","[""Tribe"", ""FirstNation""]",Tribe,"[""Sovereign""]",Sovereign,"[""Community Resilience""]",Community Resilience,"[""Other""]",Other,"[""Other""]",Other,https://kalispeltribe.com/,,
Karuk Tribe,Karuk,"[""Tribal Sovereign""]",Tribal Sovereign,California,"Provides tribal leadership, planning, and community resilience functions relevant to earthquake and hazard preparedness.",,,"[""California""]","[""Tribe"", ""FirstNation""]",Tribe,"[""Sovereign""]",Sovereign,"[""Community Resilience""]",Community Resilience,"[""Other""]",Other,"[""Other""]",Other,https://karuk.us/,,
King County Department of Emergency Management,KingCoEM,"[""Government""]",Government,Washington,"Leads public policy and coordination functions related to earthquake preparedness, response, or recovery.",,,"[""Washington""]","[""Organization""]",Organization,"[""Local""]",Local,"[""Emergency Management""]",Emergency Management,"[""Coordination"", ""Policy Maker Regulator""]",Coordination,"[""Other""]",Other,https://kingcounty.gov/depts/emergency-management.aspx,,
Klamath Tribes,Klamath,"[""Tribal Sovereign""]",Tribal Sovereign,Oregon,"Provides tribal leadership, planning, and community resilience functions relevant to earthquake and hazard preparedness.",,,"[""Oregon""]","[""Tribe"", ""FirstNation""]",Tribe,"[""Sovereign""]",Sovereign,"[""Community Resilience""]",Community Resilience,"[""Other""]",Other,"[""Other""]",Other,https://klamathtribes.org/,,
Kinder Morgan Pipeline,KMP,"[""Private Sector""]",Private Sector,U.S. National,"Provides private-sector infrastructure, technical services, or products relevant to hazard resilience and recovery.",,,"[""U.S. National""]","[""Organization""]",Organization,"[""Private""]",Private,"[""Infrastructure Systems""]",Infrastructure Systems,"[""Infrastructure Operator""]",Infrastructure Operator,"[""Other""]",Other,https://www.kindermorgan.com/,,
"Kyoto University, Japan - Disaster Prevention Research Institute",KyotoU,"[""Academic""]",Academic,International,"Contributes research, teaching, or technical expertise relevant to earthquake hazards and resilience.",,,"[""International""]","[""Organization""]",Organization,"[""Non Governmental""]",Non Governmental,"[""Emergency Management""]",Emergency Management,"[""Knowledge Provider""]",Knowledge Provider,"[""Other""]",Other,https://www.dpri.kyoto-u.ac.jp/en/,,
Lewis & Clark College,L&Ccollege,"[""Academic""]",Academic,U.S. National,"Contributes research, teaching, or technical expertise relevant to earthquake hazards and resilience.",,,"[""U.S. National""]","[""Organization""]",Organization,"[""Non Governmental""]",Non Governmental,"[""Earthquake Science""]",Earthquake Science,"[""Knowledge Provider""]",Knowledge Provider,"[""Other""]",Other,https://www.lclark.edu/,,
Lane County Emergency Management,LaneCoEM,"[""Government""]",Government,Oregon,"Coordinates county-level emergency preparedness and response.

Review flag: yes

Review note: Reclassified from nonprofit to government.",,,"[""Oregon""]","[""Organization""]",Organization,"[""Local""]",Local,"[""Emergency Management""]",Emergency Management,"[""Coordination""]",Coordination,"[""Other""]",Other,https://www.lanecountyor.gov/government/county_departments/emergency_management,yes,Reclassified from nonprofit to government.
City of Lincoln City,LincolnCity,"[""Government""]",Government,Oregon,Supports local emergency preparedness and hazard response coordination.,,,"[""Oregon""]","[""Organization""]",Organization,"[""Local""]",Local,"[""Emergency Management""]",Emergency Management,"[""Coordination""]",Coordination,"[""Other""]",Other,https://www.lincolncity.org/,,
Link Oregon,LinkOregon,"[""Nonprofit Community""]",Nonprofit Community,Oregon,"Supports community resilience through coordination, advocacy, technical guidance, or direct services.",,,"[""Oregon""]","[""Organization""]",Organization,"[""Non Governmental""]",Non Governmental,"[""Community Resilience""]",Community Resilience,"[""Other""]",Other,"[""Other""]",Other,https://linkoregon.org/,,
Linnton Neighborhood Association,LinntonNA,"[""Nonprofit Community""]",Nonprofit Community,Oregon,"Supports community resilience through coordination, advocacy, technical guidance, or direct services.",,,"[""Oregon""]","[""Organization""]",Organization,"[""Non Governmental""]",Non Governmental,"[""Community Resilience""]",Community Resilience,"[""Coordination""]",Coordination,"[""Other""]",Other,https://linntonna.org/,,
Lower Elwha Klallam Tribe,LowerElwha,"[""Tribal Sovereign""]",Tribal Sovereign,Washington,"Provides tribal leadership, planning, and community resilience functions relevant to earthquake and hazard preparedness.",,,"[""Washington""]","[""Tribe"", ""FirstNation""]",Tribe,"[""Sovereign""]",Sovereign,"[""Community Resilience""]",Community Resilience,"[""Other""]",Other,"[""Other""]",Other,https://www.elwha.org/,,
Dr. Lucy Jones Center for Science and Society,LucyJones,"[""Nonprofit Community""]",Nonprofit Community,California,,,,"[""California""]","[""Organization""]",Organization,"[""Non Governmental""]",Non Governmental,"[""Community Resilience""]",Community Resilience,"[""Knowledge Provider"", ""Coordination""]",Knowledge Provider,"[""Other""]",Other,https://drlucyjonescenter.org/,,
Lummi Nation,Lummi,"[""Tribal Sovereign""]",Tribal Sovereign,Washington,"Provides tribal leadership, planning, and community resilience functions relevant to earthquake and hazard preparedness.",,,"[""Washington""]","[""Tribe"", ""FirstNation""]",Tribe,"[""Sovereign""]",Sovereign,"[""Community Resilience""]",Community Resilience,"[""Other""]",Other,"[""Other""]",Other,https://www.lummi-nsn.gov/,,
Makah Tribe,Makah,"[""Tribal Sovereign""]",Tribal Sovereign,Washington,"Provides tribal leadership, planning, and community resilience functions relevant to earthquake and hazard preparedness.",,,"[""Washington""]","[""Tribe"", ""FirstNation""]",Tribe,"[""Sovereign""]",Sovereign,"[""Community Resilience""]",Community Resilience,"[""Other""]",Other,"[""Other""]",Other,https://makah.com/,,
Metro Vancouver,MetroVan,"[""Quasi Governmental""]",Quasi Governmental,British Columbia,"Provides regional utility and planning services that support resilience in the Vancouver metropolitan area.

Review flag: yes

Review note: Regional district with mixed governance and service roles; classification may be revisited.",,,"[""British Columbia""]","[""Organization""]",Organization,"[""State""]",State,"[""Infrastructure Systems""]",Infrastructure Systems,"[""Infrastructure Operator"", ""Coordination""]",Infrastructure Operator,"[""Water Systems""]",Water Systems,https://metrovancouver.org/,yes,Regional district with mixed governance and service roles; classification may be revisited.
Mt. Hood Community College,MHCC,"[""Academic""]",Academic,U.S. National,"Contributes research, teaching, or technical expertise relevant to earthquake hazards and resilience.",,,"[""U.S. National""]","[""Organization""]",Organization,"[""Non Governmental""]",Non Governmental,"[""Earthquake Science""]",Earthquake Science,"[""Knowledge Provider""]",Knowledge Provider,"[""Other""]",Other,https://www.mhcc.edu/,,
Moonshot Missions,Moonshot,"[""Private Sector""]",Private Sector,U.S. National,"Provides private-sector infrastructure, technical services, or products relevant to hazard resilience and recovery.

Review flag: yes

Review note: Organization type and role need confirmation.",,,"[""U.S. National""]","[""Organization""]",Organization,"[""Private""]",Private,"[""Community Resilience""]",Community Resilience,"[""Other""]",Other,"[""Other""]",Other,https://www.moonshotmissions.org/,yes,Organization type and role need confirmation.
Muckleshoot Indian Tribe,Muckleshoot,"[""Tribal Sovereign""]",Tribal Sovereign,Washington,"Provides tribal leadership, planning, and community resilience functions relevant to earthquake and hazard preparedness.",,,"[""Washington""]","[""Tribe"", ""FirstNation""]",Tribe,"[""Sovereign""]",Sovereign,"[""Community Resilience""]",Community Resilience,"[""Other""]",Other,"[""Other""]",Other,https://muckleshoot.nsn.us/,,
Multnomah County Office of Emergency Management,MultnomahEM,"[""Government""]",Government,Oregon,Participates in the earthquake hazard and resilience ecosystem through specialized expertise or services.,,,"[""Oregon""]","[""Organization""]",Organization,"[""Local""]",Local,"[""Emergency Management""]",Emergency Management,"[""Coordination""]",Coordination,"[""Other""]",Other,https://www.multco.us/em,,
"National Association of Geosciences Teachers, PNW Section",NAGT,"[""Nonprofit Community""]",Nonprofit Community,U.S. National,"Supports community resilience through coordination, advocacy, technical guidance, or direct services.",,,"[""U.S. National""]","[""Organization""]",Organization,"[""Non Governmental""]",Non Governmental,"[""Earthquake Science""]",Earthquake Science,"[""Coordination"", ""Knowledge Provider""]",Coordination,"[""Other""]",Other,https://nagt.org/nagt/sections/northwest/index.html,,
National Academy of Sciences,NAS,"[""Nonprofit Community""]",Nonprofit Community,U.S. National,"Supports community resilience through coordination, advocacy, technical guidance, or direct services.",,,"[""U.S. National""]","[""Organization""]",Organization,"[""Non Governmental""]",Non Governmental,"[""Earthquake Science""]",Earthquake Science,"[""Knowledge Provider""]",Knowledge Provider,"[""Other""]",Other,https://www.nationalacademies.org/,,
NASA - Applied Sciences Program/Disasters Program,NASA_App,"[""Coordination Structure""]",Coordination Structure,U.S. National,Convenes stakeholders around a focused program area related to earthquake and resilience work.,,,"[""U.S. National""]","[""Program""]",Program,"[""Multi""]",Multi,"[""Earthquake Science""]",Earthquake Science,"[""Coordination"", ""Knowledge Provider""]",Coordination,"[""Other""]",Other,https://appliedsciences.nasa.gov/,,
NASA - Alaska Satellite Facility,NASA_ASF,"[""Government""]",Government,U.S. National,Provides satellite data and analysis supporting hazard monitoring and response.,,,"[""U.S. National""]","[""Organization""]",Organization,"[""Federal""]",Federal,"[""Earthquake Science""]",Earthquake Science,"[""Data Tools Provider""]",Data Tools Provider,"[""Other""]",Other,https://asf.alaska.edu/,,
NASA - Jet Propulsion Laboratory,NASA_JPL,"[""Government""]",Government,U.S. National,"Provides advanced research, modeling, and data tools for Earth systems and hazards.",,,"[""U.S. National""]","[""Organization""]",Organization,"[""Federal""]",Federal,"[""Earthquake Science""]",Earthquake Science,"[""Data Tools Provider"", ""Knowledge Provider""]",Data Tools Provider,"[""Other""]",Other,https://www.jpl.nasa.gov/,,
National Congress of American Indians,NCAI,"[""Tribal Sovereign""]",Tribal Sovereign,U.S. National,,,,"[""U.S. National""]","[""Tribe"", ""FirstNation""]",Tribe,"[""Non Governmental""]",Non Governmental,"[""Community Resilience""]",Community Resilience,"[""Knowledge Provider"", ""Policy Maker Regulator""]",Knowledge Provider,"[""Other""]",Other,https://www.ncai.org/,,
National Earthquake Hazards Reduction Program,NEHRP,"[""Coordination Structure""]",Coordination Structure,U.S. National,Convenes stakeholders around a focused program area related to earthquake and resilience work.,,,"[""U.S. National""]","[""Program""]",Program,"[""Multi""]",Multi,"[""Earthquake Science""]",Earthquake Science,"[""Coordination""]",Coordination,"[""Other""]",Other,https://www.nehrp.gov/,,
National Emergency Management Association,NEMA,"[""Nonprofit Community""]",Nonprofit Community,U.S. National,"Supports community resilience through coordination, advocacy, technical guidance, or direct services.

Review flag: yes

Review note: Membership association classified as nonprofit_community; confirm desired treatment vs coordination structure.",,,"[""U.S. National""]","[""Organization""]",Organization,"[""Non Governmental""]",Non Governmental,"[""Emergency Management""]",Emergency Management,"[""Coordination""]",Coordination,"[""Other""]",Other,https://www.nemaweb.org/,yes,Membership association classified as nonprofit_community; confirm desired treatment vs coordination structure.
Nez Perce Tribe,NezPerce,"[""Tribal Sovereign""]",Tribal Sovereign,Washington,"Provides tribal leadership, planning, and community resilience functions relevant to earthquake and hazard preparedness.",,,"[""Washington""]","[""Tribe"", ""FirstNation""]",Tribe,"[""Sovereign""]",Sovereign,"[""Community Resilience""]",Community Resilience,"[""Other""]",Other,"[""Other""]",Other,https://nezperce.org/,,
Natural Hazards Center,NHC,"[""Coordination Structure""]",Coordination Structure,U.S. National,"Contributes research, teaching, or technical expertise relevant to earthquake hazards and resilience.",,,"[""U.S. National""]","[""Hub""]",Hub,"[""Non Governmental""]",Non Governmental,"[""Earthquake Science""]",Earthquake Science,"[""Knowledge Provider""]",Knowledge Provider,"[""Other""]",Other,https://hazards.colorado.edu/,,
Natural Hazards Engineering Research Infrastructure and Planning,NHERI,"[""Coordination Structure""]",Coordination Structure,U.S. National,Convenes stakeholders around a focused program area related to earthquake and resilience work.,,,"[""U.S. National""]","[""Program""]",Program,"[""Multi""]",Multi,"[""Earthquake Science""]",Earthquake Science,"[""Coordination"", ""Knowledge Provider""]",Coordination,"[""Other""]",Other,https://www.designsafe-ci.org/,,
National Interagency Fire Center,NIFC,"[""Government""]",Government,U.S. National,Coordinates interagency wildfire and incident response resources that support disaster operations.,,,"[""U.S. National""]","[""Organization""]",Organization,"[""Federal""]",Federal,"[""Emergency Management""]",Emergency Management,"[""Coordination""]",Coordination,"[""Safety Security""]",Safety Security,https://www.nifc.gov/,,
Nisqually Indian Tribe,Nisqually,"[""Tribal Sovereign""]",Tribal Sovereign,Washington,"Provides tribal leadership, planning, and community resilience functions relevant to earthquake and hazard preparedness.",,,"[""Washington""]","[""Tribe"", ""FirstNation""]",Tribe,"[""Sovereign""]",Sovereign,"[""Community Resilience""]",Community Resilience,"[""Other""]",Other,"[""Other""]",Other,https://www.nisqually-nsn.gov/,,
National Institute of Standards and Technology,NIST,"[""Government""]",Government,U.S. National,"Develops standards, measurement science, and building guidance that underpin hazard resilience and infrastructure performance.",,,"[""U.S. National""]","[""Organization""]",Organization,"[""Federal""]",Federal,"[""Earthquake Science""]",Earthquake Science,"[""Policy Maker Regulator"", ""Knowledge Provider""]",Policy Maker Regulator,"[""Other""]",Other,https://www.nist.gov/,,
NOAA - National Geodetic Survey,NOAA_NGS,"[""Government""]",Government,U.S. National,"Provides geodetic data and tools supporting hazard monitoring and geospatial accuracy.

Review flag: yes

Review note: Reclassified from nonprofit to federal agency.",,,"[""U.S. National""]","[""Organization""]",Organization,"[""Federal""]",Federal,"[""Earthquake Science""]",Earthquake Science,"[""Data Tools Provider"", ""Knowledge Provider""]",Data Tools Provider,"[""Other""]",Other,https://www.ngs.noaa.gov/,yes,Reclassified from nonprofit to federal agency.
NOAA - National Weather Service/National Tsunami Warning System,NOAA_NWS,"[""Government""]",Government,U.S. National,Manages the U.S. national tsunami warning system.,,,"[""U.S. National""]","[""Organization""]",Organization,"[""Federal""]",Federal,"[""Earthquake Science""]",Earthquake Science,"[""Data Tools Provider"", ""Messaging Alerts Provider""]",Data Tools Provider,"[""Other""]",Other,https://www.weather.gov/,,
NOAA - Pacific Marine Environmental Laboratory,NOAA_PMEL,"[""Government""]",Government,U.S. National,"Conducts ocean and hazard research including tsunami detection and monitoring.

Review flag: yes

Review note: Reclassified from nonprofit to federal agency.",,,"[""U.S. National""]","[""Organization""]",Organization,"[""Federal""]",Federal,"[""Earthquake Science""]",Earthquake Science,"[""Data Tools Provider"", ""Knowledge Provider""]",Data Tools Provider,"[""Other""]",Other,https://www.pmel.noaa.gov/,yes,Reclassified from nonprofit to federal agency.
Nooksack Indian Tribe,Nooksack,"[""Tribal Sovereign""]",Tribal Sovereign,Washington,"Provides tribal leadership, planning, and community resilience functions relevant to earthquake and hazard preparedness.",,,"[""Washington""]","[""Tribe"", ""FirstNation""]",Tribe,"[""Sovereign""]",Sovereign,"[""Community Resilience""]",Community Resilience,"[""Other""]",Other,"[""Other""]",Other,https://nooksacktribe.org/,,
Northern California Public Media,NorCalMedia,"[""Media""]",Media,California,"Provides public information and communications that can support hazard awareness and emergency messaging.

Review flag: yes

Review note: Aggregate category rather than a specific organization.",,,"[""California""]","[""Organization""]",Organization,"[""Non Governmental""]",Non Governmental,"[""Infrastructure Systems""]",Infrastructure Systems,"[""Messaging Alerts Provider""]",Messaging Alerts Provider,"[""Communications""]",Communications,https://norcalpublicmedia.org/,yes,Aggregate category rather than a specific organization.
Northwest Public Power Association,NPPA,"[""Nonprofit Community""]",Nonprofit Community,PNW Regional,"Supports public power utilities through training, coordination, and knowledge sharing relevant to resilience.",,,"[""PNW Regional""]","[""Organization""]",Organization,"[""Non Governmental""]",Non Governmental,"[""Infrastructure Systems""]",Infrastructure Systems,"[""Coordination"", ""Knowledge Provider""]",Coordination,"[""Energy""]",Energy,https://www.nwppa.org/,,
National Park Service,NPS,"[""Government""]",Government,U.S. National,Participates in the earthquake hazard and resilience ecosystem through specialized expertise or services.,,,"[""U.S. National""]","[""Organization""]",Organization,"[""Federal""]",Federal,"[""Community Resilience""]",Community Resilience,"[""Other""]",Other,"[""Other""]",Other,https://www.nps.gov/,,
National Science Foundation,NSF,"[""Government""]",Government,U.S. National,"Funds and supports scientific research and infrastructure related to hazards and resilience.

Review flag: yes

Review note: Reclassified from nonprofit to federal government agency.",,,"[""U.S. National""]","[""Organization""]",Organization,"[""Federal""]",Federal,"[""Earthquake Science""]",Earthquake Science,"[""Funding Provider"", ""Knowledge Provider""]",Funding Provider,"[""Other""]",Other,https://www.nsf.gov/,yes,Reclassified from nonprofit to federal government agency.
National Tribal Emergency Management Council,NTEMC,"[""Tribal Sovereign""]",Tribal Sovereign,U.S. National,Consortium of Tribes serving as a resource for Tribal emergency management programs and homeland security coordination in Indian Country,,,"[""U.S. National""]","[""Tribe"", ""FirstNation""]",Tribe,"[""Non Governmental""]",Non Governmental,"[""Emergency Management""]",Emergency Management,"[""Emergency Response""]",Emergency Response,"[""Other""]",Other,https://www.domesticpreparedness.com/author/national-tribal-emergency-management-council-ntemc/,,
National Tsunami Hazard Mitigation Program,NTHMP,"[""Coordination Structure""]",Coordination Structure,U.S. National,Convenes stakeholders around a focused program area related to earthquake and resilience work.,,,"[""U.S. National""]","[""Program""]",Program,"[""Multi""]",Multi,"[""Earthquake Science""]",Earthquake Science,"[""Coordination""]",Coordination,"[""Other""]",Other,https://nws.weather.gov/nthmp/,,
NW Natural,NWNatural,"[""Private Sector""]",Private Sector,U.S. National,"Provides private-sector infrastructure, technical services, or products relevant to hazard resilience and recovery.",,,"[""U.S. National""]","[""Organization""]",Organization,"[""Private""]",Private,"[""Community Resilience""]",Community Resilience,"[""Infrastructure Operator""]",Infrastructure Operator,"[""Energy""]",Energy,https://www.nwnatural.com/,,
Oregon Disaster Airlift Response Team,ODART,"[""Coordination Structure""]",Coordination Structure,Oregon,Coordinates collaboration across organizations working on earthquake and resilience issues.,,,"[""Oregon""]","[""Hub""]",Hub,"[""Multi""]",Multi,"[""Emergency Management""]",Emergency Management,"[""Coordination""]",Coordination,"[""Other""]",Other,https://www.odart.org/,,
Oregon Department of Environmental Quality,ODEQ,"[""Government""]",Government,Oregon,"Provides public policy, regulatory, or oversight functions relevant to hazard and resilience work.",,,"[""Oregon""]","[""Organization""]",Organization,"[""State""]",State,"[""Emergency Management""]",Emergency Management,"[""Policy Maker Regulator""]",Policy Maker Regulator,"[""Other""]",Other,https://www.oregon.gov/deq/,,
Oregon Department of Fish and Wildlife,ODFW,"[""Government""]",Government,Oregon,"Provides public policy, regulatory, or oversight functions relevant to hazard and resilience work.",,,"[""Oregon""]","[""Organization""]",Organization,"[""State""]",State,"[""Emergency Management""]",Emergency Management,"[""Policy Maker Regulator""]",Policy Maker Regulator,"[""Other""]",Other,https://www.dfw.state.or.us/,,
Oregon Department of Human Services - Office of Resilience and Emergency Management,ODHS_OREM,"[""Government""]",Government,Oregon,Coordinates public health emergency preparedness and resilience efforts.,,,"[""Oregon""]","[""Organization""]",Organization,"[""State""]",State,"[""Emergency Management""]",Emergency Management,"[""Coordination"", ""Policy Maker Regulator""]",Coordination,"[""Health Medical""]",Health Medical,https://www.oregon.gov/oha/PH/PREPAREDNESS/Pages/index.aspx,,
Oregon Department of Energy,ODOE,"[""Government""]",Government,Oregon,"Provides public policy, regulatory, or oversight functions relevant to hazard and resilience work.",,,"[""Oregon""]","[""Organization""]",Organization,"[""State""]",State,"[""Infrastructure Systems""]",Infrastructure Systems,"[""Policy Maker Regulator""]",Policy Maker Regulator,"[""Other""]",Other,https://www.oregon.gov/energy/,,
Oregon Department of Transportation,ODOT,"[""Government""]",Government,Oregon,"Provides public policy, regulatory, or oversight functions relevant to hazard and resilience work.",,,"[""Oregon""]","[""Organization""]",Organization,"[""State""]",State,"[""Infrastructure Systems""]",Infrastructure Systems,"[""Infrastructure Operator"", ""Policy Maker Regulator""]",Infrastructure Operator,"[""Transportation""]",Transportation,https://www.oregon.gov/odot/,,
Oregon Department of Emergency Management,OEM,"[""Government""]",Government,Oregon,"Leads public policy and coordination functions related to earthquake preparedness, response, or recovery.",,,"[""Oregon""]","[""Organization""]",Organization,"[""State""]",State,"[""Emergency Management""]",Emergency Management,"[""Coordination"", ""Policy Maker Regulator""]",Coordination,"[""Other""]",Other,https://www.oregon.gov/oem/,,
Oregon Fishermen's Cable Committee,OFCC,"[""Nonprofit Community""]",Nonprofit Community,Oregon,Supports subsea cable infrastructure and resilience coordination.,,,"[""Oregon""]","[""Organization""]",Organization,"[""Non Governmental""]",Non Governmental,"[""Infrastructure Systems""]",Infrastructure Systems,"[""Coordination""]",Coordination,"[""Communications""]",Communications,https://ofcc.com/,,
Oregon Federal Executive Board,OFEB,"[""Government""]",Government,Oregon,"Coordinates federal agency collaboration within Oregon, including support to emergency preparedness and response.

Review flag: yes

Review note: Federal body with state-specific geography; retained as organization for directory purposes.",,,"[""Oregon""]","[""Organization""]",Organization,"[""Federal""]",Federal,"[""Emergency Management""]",Emergency Management,"[""Coordination""]",Coordination,"[""Other""]",Other,https://www.feb.gov/febs/oregon/,yes,Federal body with state-specific geography; retained as organization for directory purposes.
Oregon Fiber Partnership,OFP,"[""Coordination Structure""]",Coordination Structure,Oregon,Coordinates collaboration around resilient communications infrastructure.,,,"[""Oregon""]","[""Hub""]",Hub,"[""Multi""]",Multi,"[""Infrastructure Systems""]",Infrastructure Systems,"[""Coordination""]",Coordination,"[""Communications""]",Communications,https://oregonfiberpartnership.org/,,
Oregon Health Authority,OHA,"[""Government""]",Government,Oregon,"Leads public health preparedness, response, and resilience functions.",,,"[""Oregon""]","[""Organization""]",Organization,"[""State""]",State,"[""Emergency Management""]",Emergency Management,"[""Coordination"", ""Policy Maker Regulator""]",Coordination,"[""Health Medical""]",Health Medical,https://www.oregon.gov/oha/,,
The Ohio State University,OhioState,"[""Academic""]",Academic,U.S. National,"Contributes research, teaching, or technical expertise relevant to earthquake hazards and resilience.",,,"[""U.S. National""]","[""Organization""]",Organization,"[""Non Governmental""]",Non Governmental,"[""Earthquake Science""]",Earthquake Science,"[""Knowledge Provider""]",Knowledge Provider,"[""Other""]",Other,https://www.osu.edu/,,
Oregon Hazards Lab,OHL,"[""Academic""]",Academic,Oregon,"Provides hazard monitoring, earthquake early warning, and research data.",,,"[""Oregon""]","[""Organization""]",Organization,"[""Non Governmental""]",Non Governmental,"[""Earthquake Science""]",Earthquake Science,"[""Data Tools Provider"", ""Knowledge Provider""]",Data Tools Provider,"[""Other""]",Other,https://hazards.uoregon.edu/,,
Oregon Department of Land Conservation and Development,OLCD,"[""Government""]",Government,Oregon,"Provides public policy, regulatory, or oversight functions relevant to hazard and resilience work.",,,"[""Oregon""]","[""Organization""]",Organization,"[""State""]",State,"[""Emergency Management""]",Emergency Management,"[""Policy Maker Regulator""]",Policy Maker Regulator,"[""Other""]",Other,https://www.oregon.gov/lcd/,,
Oregon Museum of Science & Industry,OMSI,"[""Nonprofit Community""]",Nonprofit Community,Oregon,Provides public science education and outreach related to hazards and resilience.,,,"[""Oregon""]","[""Organization""]",Organization,"[""Non Governmental""]",Non Governmental,"[""Community Resilience""]",Community Resilience,"[""Knowledge Provider""]",Knowledge Provider,"[""Other""]",Other,https://omsi.edu/,,
Ocean Networks Canada,ONC,"[""Coordination Structure""]",Coordination Structure,British Columbia,Coordinates collaboration across organizations working on earthquake and resilience issues.,,,"[""British Columbia""]","[""Hub""]",Hub,"[""Multi""]",Multi,"[""Community Resilience""]",Community Resilience,"[""Coordination""]",Coordination,"[""Other""]",Other,https://www.oceannetworks.ca/,,
Oregon Parks and Recreation Department,OPRD,"[""Government""]",Government,Oregon,"Manages parks infrastructure and supports evacuation, access, and recovery.",,,"[""Oregon""]","[""Organization""]",Organization,"[""State""]",State,"[""Infrastructure Systems""]",Infrastructure Systems,"[""Infrastructure Operator"", ""Policy Maker Regulator""]",Infrastructure Operator,"[""Other""]",Other,https://www.oregon.gov/oprd/,,
Oregon Public Utilities Commission,OPUC,"[""Government""]",Government,Oregon,Regulates utilities critical to resilience and disaster recovery.,,,"[""Oregon""]","[""Organization""]",Organization,"[""State""]",State,"[""Infrastructure Systems""]",Infrastructure Systems,"[""Policy Maker Regulator""]",Policy Maker Regulator,"[""Energy"", ""Communications""]",Energy,https://www.oregon.gov/puc/,,
Oregon State Emergency Alert System,ORAlerts,"[""Coordination Structure""]",Coordination Structure,Oregon,Coordinates statewide emergency alerting systems.,,,"[""Oregon""]","[""Program""]",Program,"[""Multi""]",Multi,"[""Emergency Management""]",Emergency Management,"[""Coordination"", ""Messaging Alerts Provider""]",Coordination,"[""Communications""]",Communications,https://oralert.gov/,,
Oak Ridge Associated Universities,ORAU,"[""Nonprofit Community""]",Nonprofit Community,U.S. National,"Supports community resilience through coordination, advocacy, technical guidance, or direct services.",,,"[""U.S. National""]","[""Organization""]",Organization,"[""Non Governmental""]",Non Governmental,"[""Community Resilience""]",Community Resilience,"[""Other""]",Other,"[""Other""]",Other,https://www.orau.org/,,
Oregon Department of Consumer and Business Services (DCBS),ORDCBS,"[""Government""]",Government,Oregon,"Provides public policy, regulatory, or oversight functions relevant to hazard and resilience work.",,,"[""Oregon""]","[""Organization""]",Organization,"[""State""]",State,"[""Emergency Management""]",Emergency Management,"[""Policy Maker Regulator""]",Policy Maker Regulator,"[""Other""]",Other,https://dfr.oregon.gov/,,
Oregon National Guard,ORGuard,"[""Government""]",Government,Oregon,Provides military support for emergency response and disaster recovery.,,,"[""Oregon""]","[""Organization""]",Organization,"[""State""]",State,"[""Emergency Management""]",Emergency Management,"[""Emergency Response""]",Emergency Response,"[""Safety Security""]",Safety Security,https://www.oregon.gov/omd/ONG/Pages/default.aspx,,
Oregon Media Outlets,ORMedia,"[""Media""]",Media,Oregon,"Provides public information and communications that can support hazard awareness and emergency messaging.

Review flag: yes

Review note: Aggregate category rather than a specific organization.",,,"[""Oregon""]","[""Organization""]",Organization,"[""Non Governmental""]",Non Governmental,"[""Infrastructure Systems""]",Infrastructure Systems,"[""Messaging Alerts Provider""]",Messaging Alerts Provider,"[""Communications""]",Communications,,yes,Aggregate category rather than a specific organization.
Oregon Sea Grant,OSG,"[""Academic""]",Academic,Oregon,Provides coastal research and outreach supporting hazard resilience.,,,"[""Oregon""]","[""Organization""]",Organization,"[""Non Governmental""]",Non Governmental,"[""Earthquake Science""]",Earthquake Science,"[""Knowledge Provider""]",Knowledge Provider,"[""Other""]",Other,https://seagrant.oregonstate.edu/,,
Oregon Seismic Safety Policy Advisory Commission,OSSPAC,"[""Government""]",Government,Oregon,"Provides public policy, regulatory, or oversight functions relevant to hazard and resilience work.",,,"[""Oregon""]","[""Organization""]",Organization,"[""State""]",State,"[""Earthquake Science""]",Earthquake Science,"[""Policy Maker Regulator""]",Policy Maker Regulator,"[""Other""]",Other,https://www.oregon.gov/oem/Pages/OSSPAC.aspx,,
Oregon State University,OSU,"[""Academic""]",Academic,Oregon,"Contributes research, teaching, or technical expertise relevant to earthquake hazards and resilience.",,,"[""Oregon""]","[""Organization""]",Organization,"[""Non Governmental""]",Non Governmental,"[""Earthquake Science""]",Earthquake Science,"[""Knowledge Provider""]",Knowledge Provider,"[""Other""]",Other,https://oregonstate.edu/,,
Oregon State University Extension Service,OSUES,"[""Academic""]",Academic,Oregon,"Contributes research, teaching, or technical expertise relevant to earthquake hazards and resilience.",,,"[""Oregon""]","[""Organization""]",Organization,"[""Non Governmental""]",Non Governmental,"[""Earthquake Science""]",Earthquake Science,"[""Knowledge Provider""]",Knowledge Provider,"[""Other""]",Other,https://extension.oregonstate.edu/,,
Property and Casualty Insurance Compensation Corporation,PACICC,"[""Private Sector""]",Private Sector,Canada,"Provides insurance compensation and financial resilience mechanisms.

Review flag: yes

Review note: Canadian entity; confirm scope relevance.",,,"[""Canada""]","[""Organization""]",Organization,"[""Private""]",Private,"[""Community Resilience""]",Community Resilience,"[""Funding Provider""]",Funding Provider,"[""Other""]",Other,https://www.pacicc.ca/,yes,Canadian entity; confirm scope relevance.
PacifiCorp,PacifiCorp,"[""Private Sector""]",Private Sector,U.S. National,"Provides private-sector infrastructure, technical services, or products relevant to hazard resilience and recovery.",,,"[""U.S. National""]","[""Organization""]",Organization,"[""Private""]",Private,"[""Infrastructure Systems""]",Infrastructure Systems,"[""Infrastructure Operator""]",Infrastructure Operator,"[""Energy""]",Energy,https://www.pacificorp.com/,,
Portland Bureau of Emergency Management,PBEM,"[""Government""]",Government,Oregon,Leads emergency preparedness and response coordination for Portland.,,,"[""Oregon""]","[""Organization""]",Organization,"[""Local""]",Local,"[""Emergency Management""]",Emergency Management,"[""Coordination"", ""Policy Maker Regulator""]",Coordination,"[""Other""]",Other,https://www.portland.gov/pbem,,
Portland Bureau of Transportation,PBOT,"[""Government""]",Government,Oregon,Operates and maintains transportation infrastructure.,,,"[""Oregon""]","[""Organization""]",Organization,"[""Local""]",Local,"[""Infrastructure Systems""]",Infrastructure Systems,"[""Infrastructure Operator"", ""Policy Maker Regulator""]",Infrastructure Operator,"[""Transportation""]",Transportation,https://www.portland.gov/transportation,,
Pacific Earthquake Engineering Research Center,PEER,"[""Coordination Structure""]",Coordination Structure,U.S. National,Coordinates earthquake engineering research and produces data and tools.,,,"[""U.S. National""]","[""Hub""]",Hub,"[""Multi""]",Multi,"[""Earthquake Science""]",Earthquake Science,"[""Knowledge Provider"", ""Data Tools Provider""]",Knowledge Provider,"[""Other""]",Other,https://peer.berkeley.edu/,,
Pacific Gas and Electric,PG&E,"[""Private Sector""]",Private Sector,California,Operates electric and gas infrastructure critical to resilience.,,,"[""California""]","[""Organization""]",Organization,"[""Private""]",Private,"[""Infrastructure Systems""]",Infrastructure Systems,"[""Infrastructure Operator""]",Infrastructure Operator,"[""Energy""]",Energy,https://www.pge.com/,,
Portland General Electric,PGE,"[""Private Sector""]",Private Sector,Oregon,Operates electric infrastructure supporting resilience.,,,"[""Oregon""]","[""Organization""]",Organization,"[""Private""]",Private,"[""Infrastructure Systems""]",Infrastructure Systems,"[""Infrastructure Operator""]",Infrastructure Operator,"[""Energy""]",Energy,https://www.portlandgeneral.com/,,
Pacific Northwest Seismic Network,PNSN,"[""Coordination Structure""]",Coordination Structure,PNW Regional,Operates seismic monitoring infrastructure and provides earthquake data.,,,"[""PNW Regional""]","[""Hub""]",Hub,"[""Multi""]",Multi,"[""Earthquake Science""]",Earthquake Science,"[""Data Tools Provider"", ""Coordination""]",Data Tools Provider,"[""Other""]",Other,https://pnsn.org/,,
Port Gamble S’Klallam Tribe,PortGamble,"[""Tribal Sovereign""]",Tribal Sovereign,Washington,"Provides tribal leadership, planning, and community resilience functions relevant to earthquake and hazard preparedness.",,,"[""Washington""]","[""Tribe"", ""FirstNation""]",Tribe,"[""Sovereign""]",Sovereign,"[""Community Resilience""]",Community Resilience,"[""Other""]",Other,"[""Other""]",Other,https://pgst.nsn.us/,,
City of Portland Environmental Services,PortlandEnv,"[""Government""]",Government,Oregon,Manages wastewater and stormwater systems critical to public health and resilience.,,,"[""Oregon""]","[""Organization""]",Organization,"[""Local""]",Local,"[""Infrastructure Systems""]",Infrastructure Systems,"[""Infrastructure Operator""]",Infrastructure Operator,"[""Water Systems""]",Water Systems,https://www.portland.gov/bes,,
City of Portland Public Works,PortlandPW,"[""Government""]",Government,Oregon,Maintains city infrastructure including roads and supports post-disaster recovery.,,,"[""Oregon""]","[""Organization""]",Organization,"[""Local""]",Local,"[""Infrastructure Systems""]",Infrastructure Systems,"[""Infrastructure Operator""]",Infrastructure Operator,"[""Transportation""]",Transportation,https://www.portland.gov/public-works,,
Portland Water Bureau,PortlandWB,"[""Government""]",Government,Oregon,Operates drinking water infrastructure critical to resilience.,,,"[""Oregon""]","[""Organization""]",Organization,"[""Local""]",Local,"[""Infrastructure Systems""]",Infrastructure Systems,"[""Infrastructure Operator""]",Infrastructure Operator,"[""Water Systems""]",Water Systems,https://www.portland.gov/water,,
Port of Portland,PortPDX,"[""Quasi Governmental""]",Quasi Governmental,Oregon,Operates airport and marine infrastructure critical to resilience.,,,"[""Oregon""]","[""Organization""]",Organization,"[""Local""]",Local,"[""Infrastructure Systems""]",Infrastructure Systems,"[""Infrastructure Operator""]",Infrastructure Operator,"[""Transportation""]",Transportation,https://www.portofportland.com/,,
Portland Public Schools District,PPSD,"[""Government""]",Government,Oregon,Manages public education systems and facilities relevant to community resilience.,,,"[""Oregon""]","[""Organization""]",Organization,"[""Local""]",Local,"[""Community Resilience""]",Community Resilience,"[""Coordination""]",Coordination,"[""Transportation""]",Transportation,https://www.pps.net/,,
Public Safety Canada,PSCanada,"[""Government""]",Government,Canada,Leads federal public safety and emergency management policy and coordination in Canada.,,,"[""Canada""]","[""Organization""]",Organization,"[""Federal""]",Federal,"[""Emergency Management""]",Emergency Management,"[""Coordination"", ""Policy Maker Regulator""]",Coordination,"[""Safety Security""]",Safety Security,https://www.publicsafety.gc.ca/,,
Puget Sound Energy,PSE,"[""Private Sector""]",Private Sector,Washington,"Operates electric and gas infrastructure critical to regional resilience.

Review flag: yes

Review note: Corrected from nonprofit to private-sector utility.",,,"[""Washington""]","[""Organization""]",Organization,"[""Private""]",Private,"[""Infrastructure Systems""]",Infrastructure Systems,"[""Infrastructure Operator""]",Infrastructure Operator,"[""Energy""]",Energy,https://www.pse.com/,yes,Corrected from nonprofit to private-sector utility.
Portland State University,PSU,"[""Academic""]",Academic,Oregon,Provides research and academic expertise relevant to hazards and resilience.,,,"[""Oregon""]","[""Organization""]",Organization,"[""Non Governmental""]",Non Governmental,"[""Earthquake Science""]",Earthquake Science,"[""Knowledge Provider""]",Knowledge Provider,"[""Transportation""]",Transportation,https://www.pdx.edu/,,
Pulikla Tribe of Yurok People,Pulikla,"[""Tribal Sovereign""]",Tribal Sovereign,California,"Provides tribal leadership, planning, and community resilience functions relevant to earthquake and hazard preparedness.",,,"[""California""]","[""Tribe"", ""FirstNation""]",Tribe,"[""Sovereign""]",Sovereign,"[""Community Resilience""]",Community Resilience,"[""Other""]",Other,"[""Other""]",Other,https://puliklatribe.gov/,,
Puyallup Tribe,Puyallup,"[""Tribal Sovereign""]",Tribal Sovereign,Washington,"Provides tribal leadership, planning, and community resilience functions relevant to earthquake and hazard preparedness.",,,"[""Washington""]","[""Tribe"", ""FirstNation""]",Tribe,"[""Sovereign""]",Sovereign,"[""Community Resilience""]",Community Resilience,"[""Other""]",Other,"[""Other""]",Other,https://www.puyalluptribe-nsn.gov/,,
Te Hiranga Rū QuakeCoRE - NZ Centre for Earthquake Resilience,QuakeCoRE,"[""Coordination Structure""]",Coordination Structure,International,,,,"[""International""]","[""Hub""]",Hub,"[""Multi""]",Multi,"[""Earthquake Science""]",Earthquake Science,"[""Other""]",Other,"[""Other""]",Other,https://quakecore.nz/,,
Quileute Tribe,Quileute,"[""Tribal Sovereign""]",Tribal Sovereign,Washington,"Provides tribal leadership, planning, and community resilience functions relevant to earthquake and hazard preparedness.",,,"[""Washington""]","[""Tribe"", ""FirstNation""]",Tribe,"[""Sovereign""]",Sovereign,"[""Community Resilience""]",Community Resilience,"[""Other""]",Other,"[""Other""]",Other,https://quileutenation.org/,,
Quinault Indian Nation,Quinault,"[""Tribal Sovereign""]",Tribal Sovereign,Washington,"Provides tribal leadership, planning, and community resilience functions relevant to earthquake and hazard preparedness.",,,"[""Washington""]","[""Tribe"", ""FirstNation""]",Tribe,"[""Sovereign""]",Sovereign,"[""Community Resilience""]",Community Resilience,"[""Other""]",Other,"[""Other""]",Other,https://quinaultindiannation.com/,,
Redwood Coast Tsunami Workgroup,RCTW,"[""Coordination Structure""]",Coordination Structure,California,"Connects partners and advances tsunami research, modeling, and preparedness.",,,"[""California""]","[""Hub""]",Hub,"[""Multi""]",Multi,"[""Earthquake Science""]",Earthquake Science,"[""Coordination"", ""Data Tools Provider""]",Coordination,"[""Other""]",Other,,,
Regional Disaster Preparedness Organization,RDPO,"[""Coordination Structure""]",Coordination Structure,PNW Regional,"Coordinates regional disaster preparedness collaboration across jurisdictions.

Review flag: yes

Review note: Reclassified from organization to hub.",,,"[""PNW Regional""]","[""Hub""]",Hub,"[""Multi""]",Multi,"[""Emergency Management""]",Emergency Management,"[""Coordination""]",Coordination,"[""Other""]",Other,https://rdpo.net/,yes,Reclassified from organization to hub.
Pacific Northwest American Red Cross,RedCrossPNW,"[""Nonprofit Community""]",Nonprofit Community,PNW Regional,"Supports community resilience through coordination, advocacy, technical guidance, or direct services.",,,"[""PNW Regional""]","[""Organization""]",Organization,"[""Non Governmental""]",Non Governmental,"[""Community Resilience""]",Community Resilience,"[""Emergency Response""]",Emergency Response,"[""Health Medical""]",Health Medical,https://www.redcross.org/local/washington.html,,
Ready Northwest Eugene,RNWEug,"[""Nonprofit Community""]",Nonprofit Community,Oregon,,,,"[""Oregon""]","[""Organization""]",Organization,"[""Non Governmental""]",Non Governmental,"[""Emergency Management""]",Emergency Management,"[""Coordination""]",Coordination,"[""Other""]",Other,,,
Regional Water Providers Consortium,RWPC,"[""Coordination Structure""]",Coordination Structure,PNW Regional,Coordinates collaboration across organizations working on earthquake and resilience issues.,,,"[""PNW Regional""]","[""Hub""]",Hub,"[""Multi""]",Multi,"[""Infrastructure Systems""]",Infrastructure Systems,"[""Coordination"", ""Infrastructure Operator""]",Coordination,"[""Water Systems""]",Water Systems,https://www.regionalh2o.org/,,
Salem Office of Emergency Management,SalemOEM,"[""Government""]",Government,Oregon,Participates in the earthquake hazard and resilience ecosystem through specialized expertise or services.,,,"[""Oregon""]","[""Organization""]",Organization,"[""Local""]",Local,"[""Emergency Management""]",Emergency Management,"[""Coordination""]",Coordination,"[""Other""]",Other,https://www.cityofsalem.net/community/safety/emergencies-disaster-preparedness,,
Samish Indian Nation,Samish,"[""Tribal Sovereign""]",Tribal Sovereign,Washington,"Provides tribal leadership, planning, and community resilience functions relevant to earthquake and hazard preparedness.",,,"[""Washington""]","[""Tribe"", ""FirstNation""]",Tribe,"[""Sovereign""]",Sovereign,"[""Community Resilience""]",Community Resilience,"[""Other""]",Other,"[""Other""]",Other,https://www.samishtribe.nsn.us/,,
Sauk-Suiattle Indian Tribe,SaukSuiatl,"[""Tribal Sovereign""]",Tribal Sovereign,Washington,"Provides tribal leadership, planning, and community resilience functions relevant to earthquake and hazard preparedness.",,,"[""Washington""]","[""Tribe"", ""FirstNation""]",Tribe,"[""Sovereign""]",Sovereign,"[""Community Resilience""]",Community Resilience,"[""Other""]",Other,"[""Other""]",Other,https://sauk-suiattle.com/,,
School of Civil and Construction Engineering,SCCE,"[""Academic""]",Academic,U.S. National,"Contributes academic expertise in civil and construction engineering relevant to resilient infrastructure.

Review flag: yes

Review note: Specific host institution should be confirmed.",,,"[""U.S. National""]","[""Organization""]",Organization,"[""Non Governmental""]",Non Governmental,"[""Earthquake Science""]",Earthquake Science,"[""Knowledge Provider""]",Knowledge Provider,"[""Other""]",Other,https://engineering.oregonstate.edu/CCE,yes,Specific host institution should be confirmed.
Statewide California Earthquake Center,SCEC,"[""Coordination Structure""]",Coordination Structure,California,Coordinates earthquake science and engineering research across California.,,,"[""California""]","[""Hub""]",Hub,"[""Multi""]",Multi,"[""Earthquake Science""]",Earthquake Science,"[""Coordination"", ""Knowledge Provider""]",Coordination,"[""Other""]",Other,https://www.scec.org/,,
Seattle Department of Construction and Inspections,SCI,"[""Government""]",Government,Washington,"Provides public policy, regulatory, or oversight functions relevant to hazard and resilience work.",,,"[""Washington""]","[""Organization""]",Organization,"[""Local""]",Local,"[""Emergency Management""]",Emergency Management,"[""Policy Maker Regulator""]",Policy Maker Regulator,"[""Other""]",Other,https://www.seattle.gov/sdci,,
Seattle City Light,SCL,"[""Quasi Governmental""]",Quasi Governmental,Washington,Operates municipal electric utility infrastructure.,,,"[""Washington""]","[""Organization""]",Organization,"[""Local""]",Local,"[""Infrastructure Systems""]",Infrastructure Systems,"[""Infrastructure Operator""]",Infrastructure Operator,"[""Energy""]",Energy,https://www.seattle.gov/city-light,,
City of Seaside,Seaside,"[""Government""]",Government,Oregon,Leads local emergency preparedness and tsunami response planning.,,,"[""Oregon""]","[""Organization""]",Organization,"[""Local""]",Local,"[""Emergency Management""]",Emergency Management,"[""Coordination""]",Coordination,"[""Other""]",Other,https://www.cityofseaside.us/,,
Seattle Fire Department,SeattleFire,"[""Government""]",Government,Washington,Provides emergency response and fire services.,,,"[""Washington""]","[""Organization""]",Organization,"[""Local""]",Local,"[""Emergency Management""]",Emergency Management,"[""Emergency Response""]",Emergency Response,"[""Safety Security""]",Safety Security,https://www.seattle.gov/fire,,
Seattle Office of Emergency Management,SeattleOEM,"[""Government""]",Government,Washington,Participates in the earthquake hazard and resilience ecosystem through specialized expertise or services.,,,"[""Washington""]","[""Organization""]",Organization,"[""Local""]",Local,"[""Emergency Management""]",Emergency Management,"[""Coordination""]",Coordination,"[""Other""]",Other,https://www.seattle.gov/emergency-management,,
Seattle Public Utilities,SeattlePU,"[""Quasi Governmental""]",Quasi Governmental,Washington,Operates water and wastewater infrastructure critical to resilience.,,,"[""Washington""]","[""Organization""]",Organization,"[""Local""]",Local,"[""Infrastructure Systems""]",Infrastructure Systems,"[""Infrastructure Operator""]",Infrastructure Operator,"[""Water Systems""]",Water Systems,https://www.seattle.gov/utilities,,
"Seft Consulting Group, LLC",Seft,"[""Private Sector""]",Private Sector,U.S. National,"Provides private-sector infrastructure, technical services, or products relevant to hazard resilience and recovery.",,,"[""U.S. National""]","[""Organization""]",Organization,"[""Private""]",Private,"[""Community Resilience""]",Community Resilience,"[""Other""]",Other,"[""Other""]",Other,http://seftconsulting.com/,,
USGS - ShakeAlert Earthquake Early Warning System,ShakeAlert,"[""Coordination Structure""]",Coordination Structure,U.S. National,Provides earthquake early warning alerts and supporting infrastructure.,,,"[""U.S. National""]","[""Program""]",Program,"[""Multi""]",Multi,"[""Earthquake Science""]",Earthquake Science,"[""Data Tools Provider"", ""Messaging Alerts Provider"", ""Coordination""]",Data Tools Provider,"[""Communications""]",Communications,https://www.shakealert.org/,,
Shoalwater Bay Indian Tribe,Shoalwater,"[""Tribal Sovereign""]",Tribal Sovereign,Washington,"Provides tribal leadership, planning, and community resilience functions relevant to earthquake and hazard preparedness.",,,"[""Washington""]","[""Tribe"", ""FirstNation""]",Tribe,"[""Sovereign""]",Sovereign,"[""Community Resilience""]",Community Resilience,"[""Other""]",Other,"[""Other""]",Other,https://shoalwaterbay-nsn.gov/,,
Confederated Tribes of Siletz Indians,Siletz,"[""Tribal Sovereign""]",Tribal Sovereign,Oregon,"Provides tribal leadership, planning, and community resilience functions relevant to earthquake and hazard preparedness.",,,"[""Oregon""]","[""Tribe"", ""FirstNation""]",Tribe,"[""Sovereign""]",Sovereign,"[""Community Resilience""]",Community Resilience,"[""Other""]",Other,"[""Other""]",Other,https://ctsi.nsn.us/,,
Skokomish Indian Tribe,Skokomish,"[""Tribal Sovereign""]",Tribal Sovereign,Washington,"Provides tribal leadership, planning, and community resilience functions relevant to earthquake and hazard preparedness.",,,"[""Washington""]","[""Tribe"", ""FirstNation""]",Tribe,"[""Sovereign""]",Sovereign,"[""Community Resilience""]",Community Resilience,"[""Other""]",Other,"[""Other""]",Other,https://www.skokomish.org/,,
Snohomish County Department of Emergency Management,SnohomishEM,"[""Government""]",Government,Washington,"Leads public policy and coordination functions related to earthquake preparedness, response, or recovery.",,,"[""Washington""]","[""Organization""]",Organization,"[""Local""]",Local,"[""Emergency Management""]",Emergency Management,"[""Coordination"", ""Policy Maker Regulator""]",Coordination,"[""Other""]",Other,https://snohomishcountywa.gov/180/Emergency-Management,,
Snoqualmie Indian Tribe,Snoqualmie,"[""Tribal Sovereign""]",Tribal Sovereign,Washington,"Provides tribal leadership, planning, and community resilience functions relevant to earthquake and hazard preparedness.",,,"[""Washington""]","[""Tribe"", ""FirstNation""]",Tribe,"[""Sovereign""]",Sovereign,"[""Community Resilience""]",Community Resilience,"[""Other""]",Other,"[""Other""]",Other,https://snoqualmietribe.us/,,
Spokane Tribe of Indians,Spokane,"[""Tribal Sovereign""]",Tribal Sovereign,Washington,,,,"[""Washington""]","[""Tribe"", ""FirstNation""]",Tribe,"[""Sovereign""]",Sovereign,"[""Community Resilience""]",Community Resilience,"[""Other""]",Other,"[""Other""]",Other,https://www.spokanetribe.com/,,
Squaxin Island Tribe,Squaxin,"[""Tribal Sovereign""]",Tribal Sovereign,Washington,"Provides tribal leadership, planning, and community resilience functions relevant to earthquake and hazard preparedness.",,,"[""Washington""]","[""Tribe"", ""FirstNation""]",Tribe,"[""Sovereign""]",Sovereign,"[""Community Resilience""]",Community Resilience,"[""Other""]",Other,"[""Other""]",Other,https://squaxinisland.org/,,
Stantec,Stantec,"[""Private Sector""]",Private Sector,U.S. National,"Provides private-sector infrastructure, technical services, or products relevant to hazard resilience and recovery.",,,"[""U.S. National""]","[""Organization""]",Organization,"[""Private""]",Private,"[""Community Resilience""]",Community Resilience,"[""Other""]",Other,"[""Other""]",Other,https://www.stantec.com/,,
Stillaguamish Tribe of Indians,Stillaguam,"[""Tribal Sovereign""]",Tribal Sovereign,Washington,"Provides tribal leadership, planning, and community resilience functions relevant to earthquake and hazard preparedness.",,,"[""Washington""]","[""Tribe"", ""FirstNation""]",Tribe,"[""Sovereign""]",Sovereign,"[""Community Resilience""]",Community Resilience,"[""Other""]",Other,"[""Other""]",Other,https://www.stillaguamish.com/,,
Suquamish Tribe,Suquamish,"[""Tribal Sovereign""]",Tribal Sovereign,Washington,"Provides tribal leadership, planning, and community resilience functions relevant to earthquake and hazard preparedness.",,,"[""Washington""]","[""Tribe"", ""FirstNation""]",Tribe,"[""Sovereign""]",Sovereign,"[""Community Resilience""]",Community Resilience,"[""Other""]",Other,"[""Other""]",Other,https://suquamish.nsn.us/,,
Swinomish Indian Tribal Community,Swinomish,"[""Tribal Sovereign""]",Tribal Sovereign,Washington,"Provides tribal leadership, planning, and community resilience functions relevant to earthquake and hazard preparedness.",,,"[""Washington""]","[""Tribe"", ""FirstNation""]",Tribe,"[""Sovereign""]",Sovereign,"[""Community Resilience""]",Community Resilience,"[""Other""]",Other,"[""Other""]",Other,https://swinomish-nsn.gov/,,
SZ4D,SZ4D,"[""Nonprofit Community""]",Nonprofit Community,U.S. National,"Supports community resilience through coordination, advocacy, technical guidance, or direct services.

Review flag: yes

Review note: Acronym requires confirmation of official organizational form.",,,"[""U.S. National""]","[""Organization""]",Organization,"[""Non Governmental""]",Non Governmental,"[""Earthquake Science""]",Earthquake Science,"[""Other""]",Other,"[""Other""]",Other,https://sz4d.org/,yes,Acronym requires confirmation of official organizational form.
Tank The Tanks.org,TankTanks,"[""Nonprofit Community""]",Nonprofit Community,U.S. National,"Supports community resilience through coordination, advocacy, technical guidance, or direct services.

Review flag: yes

Review note: Project/campaign vs organization needs confirmation.",,,"[""U.S. National""]","[""Organization""]",Organization,"[""Non Governmental""]",Non Governmental,"[""Community Resilience""]",Community Resilience,"[""Other""]",Other,"[""Other""]",Other,https://tankthetanks.org/,yes,Project/campaign vs organization needs confirmation.
Thrive Consulting (Climate and Resilience Planning),Thrive,"[""Private Sector""]",Private Sector,British Columbia,"Provides private-sector infrastructure, technical services, or products relevant to hazard resilience and recovery.",,,"[""British Columbia""]","[""Organization""]",Organization,"[""Private""]",Private,"[""Community Resilience""]",Community Resilience,"[""Other""]",Other,"[""Other""]",Other,,,
Tolowa Dee-ni' Nation,Tolowa,"[""Tribal Sovereign""]",Tribal Sovereign,California,"Provides tribal leadership, planning, and community resilience functions relevant to earthquake and hazard preparedness.",,,"[""California""]","[""Tribe"", ""FirstNation""]",Tribe,"[""Sovereign""]",Sovereign,"[""Community Resilience""]",Community Resilience,"[""Other""]",Other,"[""Other""]",Other,https://www.tolowa-nsn.gov/,,
Tacoma Public Utilities,TPU,"[""Quasi Governmental""]",Quasi Governmental,Washington,,,,"[""Washington""]","[""Organization""]",Organization,"[""Local""]",Local,"[""Infrastructure Systems""]",Infrastructure Systems,"[""Other""]",Other,"[""Other""]",Other,https://www.mytpu.org/,,
Trimet,TriMet,"[""Quasi Governmental""]",Quasi Governmental,Oregon,Operates public transit infrastructure critical to regional mobility and disaster response.,,,"[""Oregon""]","[""Organization""]",Organization,"[""Local""]",Local,"[""Infrastructure Systems""]",Infrastructure Systems,"[""Infrastructure Operator""]",Infrastructure Operator,"[""Transportation""]",Transportation,https://trimet.org/,,
Cher-Ae Heights Indian Community of the Trinidad Rancheria,TrinidadRan,"[""Tribal Sovereign""]",Tribal Sovereign,California,"Provides tribal leadership, planning, and community resilience functions relevant to earthquake and hazard preparedness.",,,"[""California""]","[""Tribe"", ""FirstNation""]",Tribe,"[""Sovereign""]",Sovereign,"[""Community Resilience""]",Community Resilience,"[""Other""]",Other,"[""Other""]",Other,https://trinidad-rancheria.org/,,
Tulalip Tribes,Tulalip,"[""Tribal Sovereign""]",Tribal Sovereign,Washington,"Provides tribal leadership, planning, and community resilience functions relevant to earthquake and hazard preparedness.",,,"[""Washington""]","[""Tribe"", ""FirstNation""]",Tribe,"[""Sovereign""]",Sovereign,"[""Community Resilience""]",Community Resilience,"[""Other""]",Other,"[""Other""]",Other,https://www.tulaliptribes-nsn.gov/,,
Tualatin Valley Water District,TVWD,"[""Quasi Governmental""]",Quasi Governmental,Oregon,Operates public-serving infrastructure or services that are important to resilience and disaster recovery.,,,"[""Oregon""]","[""Organization""]",Organization,"[""Local""]",Local,"[""Infrastructure Systems""]",Infrastructure Systems,"[""Infrastructure Operator""]",Infrastructure Operator,"[""Water Systems""]",Water Systems,https://www.tvwd.org/,,
University of British Columbia,UBC,"[""Academic""]",Academic,British Columbia,"Contributes research, teaching, or technical expertise relevant to earthquake hazards and resilience.",,,"[""British Columbia""]","[""Organization""]",Organization,"[""Non Governmental""]",Non Governmental,"[""Earthquake Science""]",Earthquake Science,"[""Knowledge Provider""]",Knowledge Provider,"[""Other""]",Other,https://www.ubc.ca/,,
UC Berkeley Seismology Lab,UCBerkeley,"[""Academic""]",Academic,California,"Contributes research, teaching, or technical expertise relevant to earthquake hazards and resilience.",,,"[""California""]","[""Organization""]",Organization,"[""Non Governmental""]",Non Governmental,"[""Earthquake Science""]",Earthquake Science,"[""Data Tools Provider"", ""Knowledge Provider""]",Data Tools Provider,"[""Other""]",Other,https://earthquakes.berkeley.edu/,,
University of Colorado Boulder,UCBoulder,"[""Academic""]",Academic,U.S. National,"Contributes research, teaching, or technical expertise relevant to earthquake hazards and resilience.",,,"[""U.S. National""]","[""Organization""]",Organization,"[""Non Governmental""]",Non Governmental,"[""Earthquake Science""]",Earthquake Science,"[""Knowledge Provider"", ""Data Tools Provider""]",Knowledge Provider,"[""Other""]",Other,https://www.colorado.edu/,,
"University of California, Davis",UCDavis,"[""Academic""]",Academic,California,"Contributes research, teaching, or technical expertise relevant to earthquake hazards and resilience.",,,"[""California""]","[""Organization""]",Organization,"[""Non Governmental""]",Non Governmental,"[""Earthquake Science""]",Earthquake Science,"[""Knowledge Provider""]",Knowledge Provider,"[""Other""]",Other,https://www.ucdavis.edu/,,
"University of California San Diego, Scripps Institution of Oceanography",UCSD,"[""Academic""]",Academic,California,"Contributes research, teaching, or technical expertise relevant to earthquake hazards and resilience.",,,"[""California""]","[""Organization""]",Organization,"[""Non Governmental""]",Non Governmental,"[""Earthquake Science""]",Earthquake Science,"[""Knowledge Provider"", ""Data Tools Provider""]",Knowledge Provider,"[""Other""]",Other,https://scripps.ucsd.edu/,,
Union Pacific Railroad Company,UnionPacific,"[""Private Sector""]",Private Sector,U.S. National,"Provides private-sector infrastructure, technical services, or products relevant to hazard resilience and recovery.",,,"[""U.S. National""]","[""Organization""]",Organization,"[""Private""]",Private,"[""Infrastructure Systems""]",Infrastructure Systems,"[""Infrastructure Operator""]",Infrastructure Operator,"[""Transportation""]",Transportation,https://www.up.com/,,
Unite Oregon,UniteOrego,"[""Nonprofit Community""]",Nonprofit Community,Oregon,"Supports community resilience through coordination, advocacy, technical guidance, or direct services.",,,"[""Oregon""]","[""Organization""]",Organization,"[""Non Governmental""]",Non Governmental,"[""Community Resilience""]",Community Resilience,"[""Other""]",Other,"[""Other""]",Other,https://www.uniteoregon.org/,,
University of New Mexico,UNMexico,"[""Academic""]",Academic,U.S. National,"Contributes research, teaching, or technical expertise relevant to earthquake hazards and resilience.",,,"[""U.S. National""]","[""Organization""]",Organization,"[""Non Governmental""]",Non Governmental,"[""Earthquake Science""]",Earthquake Science,"[""Knowledge Provider""]",Knowledge Provider,"[""Other""]",Other,https://www.unm.edu/,,
University of Oregon,UO,"[""Academic""]",Academic,Oregon,"Contributes research, teaching, or technical expertise relevant to earthquake hazards and resilience.",,,"[""Oregon""]","[""Organization""]",Organization,"[""Non Governmental""]",Non Governmental,"[""Earthquake Science""]",Earthquake Science,"[""Knowledge Provider""]",Knowledge Provider,"[""Other""]",Other,https://www.uoregon.edu/,,
Confederated Tribes of the Umatilla Indian Reservation,Umatilla,"[""Tribal Sovereign""]",Tribal Sovereign,Oregon,,,,"[""Oregon""]","[""Tribe"", ""FirstNation""]",Tribe,"[""Sovereign""]",Sovereign,"[""Community Resilience""]",Community Resilience,"[""Other""]",Other,"[""Other""]",Other,https://ctuir.org/,,
Upper Skagit Indian Tribe,UpperSkagit,"[""Tribal Sovereign""]",Tribal Sovereign,Washington,"Provides tribal leadership, planning, and community resilience functions relevant to earthquake and hazard preparedness.",,,"[""Washington""]","[""Tribe"", ""FirstNation""]",Tribe,"[""Sovereign""]",Sovereign,"[""Community Resilience""]",Community Resilience,"[""Other""]",Other,"[""Other""]",Other,https://www.upperskagittribe-nsn.gov/,,
United States Army Corps of Engineers,USACE,"[""Government""]",Government,U.S. National,Participates in the earthquake hazard and resilience ecosystem through specialized expertise or services.,,,"[""U.S. National""]","[""Organization""]",Organization,"[""Federal""]",Federal,"[""Community Resilience""]",Community Resilience,"[""Policy Maker Regulator"", ""Infrastructure Operator""]",Policy Maker Regulator,"[""Other""]",Other,https://www.usace.army.mil/,,
United States Bureau of Reclamation,USBR,"[""Government""]",Government,U.S. National,"Provides public policy, regulatory, or oversight functions relevant to hazard and resilience work.",,,"[""U.S. National""]","[""Organization""]",Organization,"[""Federal""]",Federal,"[""Emergency Management""]",Emergency Management,"[""Policy Maker Regulator""]",Policy Maker Regulator,"[""Other""]",Other,https://www.usbr.gov/,,
United States Department of Defense,USD,"[""Government""]",Government,U.S. National,"Provides public policy, regulatory, or oversight functions relevant to hazard and resilience work.",,,"[""U.S. National""]","[""Organization""]",Organization,"[""Federal""]",Federal,"[""Emergency Management""]",Emergency Management,"[""Policy Maker Regulator""]",Policy Maker Regulator,"[""Other""]",Other,https://www.defense.gov/,,
United States Forest Service,USFS,"[""Government""]",Government,U.S. National,Participates in the earthquake hazard and resilience ecosystem through specialized expertise or services.,,,"[""U.S. National""]","[""Organization""]",Organization,"[""Federal""]",Federal,"[""Community Resilience""]",Community Resilience,"[""Policy Maker Regulator""]",Policy Maker Regulator,"[""Other""]",Other,https://www.fs.usda.gov/,,
United States Geological Survey - Earthquake Hazards Program,USGS_EHP,"[""Government""]",Government,U.S. National,"Provides national earthquake monitoring, data, and hazard modeling.",,,"[""U.S. National""]","[""Organization""]",Organization,"[""Federal""]",Federal,"[""Earthquake Science""]",Earthquake Science,"[""Data Tools Provider"", ""Knowledge Provider"", ""Coordination"", ""Funding Provider""]",Data Tools Provider,"[""Other""]",Other,https://www.usgs.gov/programs/earthquake-hazards,,
United States Department of Transportation,UST,"[""Government""]",Government,U.S. National,"Provides public policy, regulatory, or oversight functions relevant to hazard and resilience work.",,,"[""U.S. National""]","[""Organization""]",Organization,"[""Federal""]",Federal,"[""Infrastructure Systems""]",Infrastructure Systems,"[""Infrastructure Operator"", ""Policy Maker Regulator""]",Infrastructure Operator,"[""Transportation""]",Transportation,https://www.transportation.gov/,,
United Ways of the Pacific Northwest,UtdWaysPNW,"[""Nonprofit Community""]",Nonprofit Community,PNW Regional,,,,"[""PNW Regional""]","[""Organization""]",Organization,"[""Multi""]",Multi,"[""Community Resilience""]",Community Resilience,"[""Coordination"", ""Funding Provider""]",Coordination,"[""Other""]",Other,https://www.uwpnw.org/,,
University of Texas at El Paso,UTEP,"[""Academic""]",Academic,U.S. National,"Contributes research, teaching, or technical expertise relevant to earthquake hazards and resilience.",,,"[""U.S. National""]","[""Organization""]",Organization,"[""Non Governmental""]",Non Governmental,"[""Earthquake Science""]",Earthquake Science,"[""Knowledge Provider""]",Knowledge Provider,"[""Other""]",Other,https://www.utep.edu/,,
University of Toronto,UToronto,"[""Academic""]",Academic,Canada,"Contributes research, teaching, or technical expertise relevant to earthquake hazards and resilience.",,,"[""Canada""]","[""Organization""]",Organization,"[""Non Governmental""]",Non Governmental,"[""Earthquake Science""]",Earthquake Science,"[""Knowledge Provider""]",Knowledge Provider,"[""Other""]",Other,https://www.utoronto.ca/,,
University of Victoria,UVictoria,"[""Academic""]",Academic,British Columbia,"Contributes research, teaching, or technical expertise relevant to earthquake hazards and resilience.",,,"[""British Columbia""]","[""Organization""]",Organization,"[""Non Governmental""]",Non Governmental,"[""Earthquake Science""]",Earthquake Science,"[""Knowledge Provider""]",Knowledge Provider,"[""Other""]",Other,https://www.uvic.ca/,,
University of Washington,UW,"[""Academic""]",Academic,U.S. National,"Contributes research, teaching, or technical expertise relevant to earthquake hazards and resilience.",,,"[""U.S. National""]","[""Organization""]",Organization,"[""Non Governmental""]",Non Governmental,"[""Earthquake Science""]",Earthquake Science,"[""Knowledge Provider""]",Knowledge Provider,"[""Other""]",Other,https://www.washington.edu/,,
City of Vancouver,VancouverWA,"[""Government""]",Government,Washington,Coordinates local emergency management and disaster response services.,,,"[""Washington""]","[""Organization""]",Organization,"[""Local""]",Local,"[""Emergency Management""]",Emergency Management,"[""Coordination""]",Coordination,"[""Other""]",Other,https://www.cityofvancouver.us/,,
Virginia Tech,VirginiaTech,"[""Academic""]",Academic,U.S. National,Provides academic research and expertise relevant to hazards and resilience.,,,"[""U.S. National""]","[""Organization""]",Organization,"[""Non Governmental""]",Non Governmental,"[""Earthquake Science""]",Earthquake Science,"[""Knowledge Provider""]",Knowledge Provider,"[""Other""]",Other,https://www.vt.edu/,,
Washington State Emergency Alert System,WAAlerts,"[""Coordination Structure""]",Coordination Structure,Washington,Coordinates statewide emergency alerting systems.,,,"[""Washington""]","[""Program""]",Program,"[""Multi""]",Multi,"[""Emergency Management""]",Emergency Management,"[""Coordination"", ""Messaging Alerts Provider""]",Coordination,"[""Communications""]",Communications,https://mil.wa.gov/alerts,,
Washington State Department of Natural Resources,WADNR,"[""Government""]",Government,Washington,Manages natural lands and resources relevant to hazard mitigation.,,,"[""Washington""]","[""Organization""]",Organization,"[""State""]",State,"[""Infrastructure Systems""]",Infrastructure Systems,"[""Infrastructure Operator"", ""Policy Maker Regulator""]",Infrastructure Operator,"[""Other""]",Other,https://www.dnr.wa.gov/,,
Washington State Department of Health,WADOH,"[""Government""]",Government,Washington,Leads public health policy and emergency preparedness.,,,"[""Washington""]","[""Organization""]",Organization,"[""State""]",State,"[""Emergency Management""]",Emergency Management,"[""Policy Maker Regulator""]",Policy Maker Regulator,"[""Health Medical""]",Health Medical,https://doh.wa.gov/,,
Washington State Department of Ecology,WAEcology,"[""Government""]",Government,Washington,Regulates environmental systems relevant to hazard response and recovery.,,,"[""Washington""]","[""Organization""]",Organization,"[""State""]",State,"[""Infrastructure Systems""]",Infrastructure Systems,"[""Policy Maker Regulator""]",Policy Maker Regulator,"[""Other""]",Other,https://ecology.wa.gov/,,
Washington Emergency Management Division,WAEMD,"[""Government""]",Government,Washington,"Leads statewide emergency preparedness, coordination, and response.

Review flag: yes

Review note: Corrected from nonprofit to government.",,,"[""Washington""]","[""Organization""]",Organization,"[""State""]",State,"[""Emergency Management""]",Emergency Management,"[""Coordination"", ""Policy Maker Regulator""]",Coordination,"[""Other""]",Other,https://mil.wa.gov/emergency-management-division,yes,Corrected from nonprofit to government.
Washington Association of Educational Service Districts,WAESD,"[""Quasi Governmental""]",Quasi Governmental,Washington,"Coordinate, provide technical assistance, and deliver training for school safety planning against natural hazards.",,,"[""Washington""]","[""Organization""]",Organization,"[""Local""]",Local,"[""Emergency Management""]",Emergency Management,"[""Coordination""]",Coordination,"[""Other""]",Other,https://www.waesd.org/,,
Washington National Guard,WAGuard,"[""Government""]",Government,Washington,Provides emergency response and disaster support operations.,,,"[""Washington""]","[""Organization""]",Organization,"[""State""]",State,"[""Emergency Management""]",Emergency Management,"[""Emergency Response""]",Emergency Response,"[""Safety Security""]",Safety Security,https://mil.wa.gov/national-guard,,
Washington Media Outlets,WAMedia,"[""Media""]",Media,Washington,"Provides public information and communications that can support hazard awareness and emergency messaging.

Review flag: yes

Review note: Aggregate category rather than a specific organization.",,,"[""Washington""]","[""Organization""]",Organization,"[""Non Governmental""]",Non Governmental,"[""Infrastructure Systems""]",Infrastructure Systems,"[""Messaging Alerts Provider""]",Messaging Alerts Provider,"[""Communications""]",Communications,,yes,Aggregate category rather than a specific organization.
Washington Air National Guard,WANG,"[""Government""]",Government,Washington,"Provides emergency response, airlift, and disaster support capabilities.",,,"[""Washington""]","[""Organization""]",Organization,"[""State""]",State,"[""Emergency Management""]",Emergency Management,"[""Emergency Response""]",Emergency Response,"[""Safety Security""]",Safety Security,https://www.ang.af.mil/,,
Washington State Parks,WAParks,"[""Government""]",Government,Washington,Manages parks infrastructure and supports evacuation and response.,,,"[""Washington""]","[""Organization""]",Organization,"[""State""]",State,"[""Infrastructure Systems""]",Infrastructure Systems,"[""Infrastructure Operator""]",Infrastructure Operator,"[""Other""]",Other,https://parks.wa.gov/,,
Conferated Tribes of Warm Springs Oregon,WarmSprings,"[""Tribal Sovereign""]",Tribal Sovereign,Oregon,"Provides tribal leadership, planning, and community resilience functions relevant to earthquake and hazard preparedness.",,,"[""Oregon""]","[""Tribe"", ""FirstNation""]",Tribe,"[""Sovereign""]",Sovereign,"[""Community Resilience""]",Community Resilience,"[""Other""]",Other,"[""Other""]",Other,https://warmsprings-nsn.gov/,,
Washington Sea Grant,WASeaGrant,"[""Academic""]",Academic,Washington,Provides coastal research and outreach supporting hazard resilience.,,,"[""Washington""]","[""Organization""]",Organization,"[""Non Governmental""]",Non Governmental,"[""Earthquake Science""]",Earthquake Science,"[""Knowledge Provider""]",Knowledge Provider,"[""Other""]",Other,https://wsg.washington.edu/,,
Washington Post,WashPost,"[""Media""]",Media,U.S. National,Provides public information and communications that can support hazard awareness and emergency messaging.,,,"[""U.S. National""]","[""Organization""]",Organization,"[""Non Governmental""]",Non Governmental,"[""Infrastructure Systems""]",Infrastructure Systems,"[""Messaging Alerts Provider""]",Messaging Alerts Provider,"[""Communications""]",Communications,https://www.washingtonpost.com/,,
West Coast General Aviation Response Plan,WCGARP,"[""Coordination Structure""]",Coordination Structure,PNW Regional,"Coordinates aviation-based disaster response planning.

Review flag: yes

Review note: Plan/system classification retained.",,,"[""PNW Regional""]","[""Program""]",Program,"[""Multi""]",Multi,"[""Emergency Management""]",Emergency Management,"[""Coordination"", ""Data Tools Provider""]",Coordination,"[""Transportation""]",Transportation,https://dobihalj.wixsite.com/northwestevac/wcgarp,yes,Plan/system classification retained.
Western Electric Institute,WEI,"[""Nonprofit Community""]",Nonprofit Community,U.S. National,"Supports electric utility collaboration and knowledge sharing.

Review flag: yes

Review note: Name may refer to Western Energy Institute; verify.",,,"[""U.S. National""]","[""Organization""]",Organization,"[""Non Governmental""]",Non Governmental,"[""Infrastructure Systems""]",Infrastructure Systems,"[""Coordination"", ""Knowledge Provider""]",Coordination,"[""Energy""]",Energy,https://www.westernenergy.org/,yes,Name may refer to Western Energy Institute; verify.
Washington Geological Survey,WGS,"[""Government""]",Government,Washington,Participates in the earthquake hazard and resilience ecosystem through specialized expertise or services.,,,"[""Washington""]","[""Organization""]",Organization,"[""State""]",State,"[""Earthquake Science""]",Earthquake Science,"[""Data Tools Provider"", ""Knowledge Provider""]",Data Tools Provider,"[""Other""]",Other,https://www.dnr.wa.gov/geology,,
Wiyot Tribe,Wiyot,"[""Tribal Sovereign""]",Tribal Sovereign,California,"Provides tribal leadership, planning, and community resilience functions relevant to earthquake and hazard preparedness.",,,"[""California""]","[""Tribe"", ""FirstNation""]",Tribe,"[""Sovereign""]",Sovereign,"[""Community Resilience""]",Community Resilience,"[""Other""]",Other,"[""Other""]",Other,https://wiyot.us/,,
West Lane Emergency Operations Group,WLEOG,"[""Nonprofit Community""]",Nonprofit Community,Oregon,"Supports community resilience through coordination, advocacy, technical guidance, or direct services.",,,"[""Oregon""]","[""Organization""]",Organization,"[""Non Governmental""]",Non Governmental,"[""Emergency Management""]",Emergency Management,"[""Other""]",Other,"[""Other""]",Other,https://wleog.org/,,
Washington State Department of Transport,WSDOT,"[""Government""]",Government,Washington,"Provides public policy, regulatory, or oversight functions relevant to hazard and resilience work.",,,"[""Washington""]","[""Organization""]",Organization,"[""State""]",State,"[""Infrastructure Systems""]",Infrastructure Systems,"[""Other""]",Other,"[""Transportation""]",Transportation,https://wsdot.wa.gov/,,
Washington State Emergency Management Association,WSEMA,"[""Nonprofit Community""]",Nonprofit Community,Washington,Connects emergency management practitioners across Washington for coordination and professional exchange.,,,"[""Washington""]","[""Organization""]",Organization,"[""Non Governmental""]",Non Governmental,"[""Emergency Management""]",Emergency Management,"[""Coordination""]",Coordination,"[""Other""]",Other,https://wsema.org/,,
Western States Petroleum Association,WSPA,"[""Private Sector""]",Private Sector,U.S. National,"Provides private-sector infrastructure, technical services, or products relevant to hazard resilience and recovery.",,,"[""U.S. National""]","[""Organization""]",Organization,"[""Private""]",Private,"[""Community Resilience""]",Community Resilience,"[""Coordination""]",Coordination,"[""Other""]",Other,https://www.wspa.org/,,
Washington Utilities and Transportation Commission,WUTC,"[""Government""]",Government,Washington,Regulates utilities and transportation systems critical to resilience.,,,"[""Washington""]","[""Organization""]",Organization,"[""State""]",State,"[""Infrastructure Systems""]",Infrastructure Systems,"[""Policy Maker Regulator""]",Policy Maker Regulator,"[""Transportation""]",Transportation,https://www.utc.wa.gov/,,
Western Washington University,WWU,"[""Academic""]",Academic,Washington,"Contributes research, teaching, or technical expertise relevant to earthquake hazards and resilience.",,,"[""Washington""]","[""Organization""]",Organization,"[""Non Governmental""]",Non Governmental,"[""Earthquake Science""]",Earthquake Science,"[""Knowledge Provider""]",Knowledge Provider,"[""Other""]",Other,https://www.wwu.edu/,,
Confederated Tribes and Bands of the Yakama Nation,Yakama,"[""Tribal Sovereign""]",Tribal Sovereign,Washington,"Provides tribal leadership, planning, and community resilience functions relevant to earthquake and hazard preparedness.",,,"[""Washington""]","[""Tribe"", ""FirstNation""]",Tribe,"[""Sovereign""]",Sovereign,"[""Community Resilience""]",Community Resilience,"[""Other""]",Other,"[""Other""]",Other,https://yakama.com/,,
Yurok Tribe of the Yurok Reservation,Yurok,"[""Tribal Sovereign""]",Tribal Sovereign,California,"Provides tribal leadership, planning, and community resilience functions relevant to earthquake and hazard preparedness.",,,"[""California""]","[""Tribe"", ""FirstNation""]",Tribe,"[""Sovereign""]",Sovereign,"[""Community Resilience""]",Community Resilience,"[""Other""]",Other,"[""Other""]",Other,https://yuroktribe.org/,,
